Unnamed: 0;Modelo;Pooling;AGG;LAYER;Epochs;out_vec_size;qtd_layers;Nhid;MR;CR;SUBJ;MPQA;SST2;TREC;MRPC;Avg;epochs;SST5;Avg_with_SST5;Avg_without_SST5;paper_name;paper_link;year
0,00;allmini6;CLS_LYR-4;CLS;LYR-4;1,00;torch.Size([384]);6,00;0,00;60,34;63,76;78,00;68,77;63,43;21,00;66,49;60,26;nan;nan;nan;nan;nan;nan;nan
1,00;allmini6;AVG_LYR-4;AVG;LYR-4;1,00;torch.Size([384]);6,00;0,00;75,82;82,54;91,54;86,07;82,26;85,20;72,70;82,30;nan;nan;nan;nan;nan;nan;nan
2,00;allmini6;SUM_LYR-4;SUM;LYR-4;1,00;torch.Size([384]);6,00;0,00;74,67;80,69;91,48;86,84;81,55;91,40;69,22;82,26;nan;nan;nan;nan;nan;nan;nan
3,00;allmini6;MAX_LYR-4;MAX;LYR-4;1,00;torch.Size([384]);6,00;0,00;72,28;78,12;89,40;85,89;80,18;82,80;67,94;79,52;nan;nan;nan;nan;nan;nan;nan
4,00;allmini6;AVG-NS_LYR-4;AVG-NS;LYR-4;1,00;torch.Size([384]);6,00;0,00;75,89;82,60;91,51;86,08;82,98;85,40;72,64;82,44;nan;nan;nan;nan;nan;nan;nan
5,00;allmini6;SUM-NS_LYR-4;SUM-NS;LYR-4;1,00;torch.Size([384]);6,00;0,00;74,93;80,85;91,47;86,77;82,32;91,60;64,87;81,83;nan;nan;nan;nan;nan;nan;nan
6,00;allmini6;MAX-NS_LYR-4;MAX-NS;LYR-4;1,00;torch.Size([384]);6,00;0,00;72,34;76,98;89,09;85,45;79,90;83,20;72,23;79,88;nan;nan;nan;nan;nan;nan;nan
7,00;allmini6;CLS+AVG_LYR-4;CLS+AVG;LYR-4;1,00;torch.Size([768]);6,00;0,00;75,94;82,81;91,25;86,14;83,31;87,20;75,01;83,09;nan;nan;nan;nan;nan;nan;nan
8,00;allmini6;CLS+SUM_LYR-4;CLS+SUM;LYR-4;1,00;torch.Size([768]);6,00;0,00;75,42;83,42;92,56;87,02;82,15;93,80;66,55;82,99;nan;nan;nan;nan;nan;nan;nan
9,00;allmini6;CLS+MAX_LYR-4;CLS+MAX;LYR-4;1,00;torch.Size([768]);6,00;0,00;71,76;77,88;89,38;85,90;80,29;85,80;71,59;80,37;nan;nan;nan;nan;nan;nan;nan
10,00;allmini6;CLS+AVG-NS_LYR-4;CLS+AVG-NS;LYR-4;1,00;torch.Size([768]);6,00;0,00;76,02;82,78;91,21;86,39;82,98;87,00;75,13;83,07;nan;nan;nan;nan;nan;nan;nan
11,00;allmini6;CLS+SUM-NS_LYR-4;CLS+SUM-NS;LYR-4;1,00;torch.Size([768]);6,00;0,00;75,15;82,28;92,59;87,31;82,26;92,80;67,71;82,87;nan;nan;nan;nan;nan;nan;nan
12,00;allmini6;CLS+MAX-NS_LYR-4;CLS+MAX-NS;LYR-4;1,00;torch.Size([768]);6,00;0,00;72,86;77,80;89,59;86,34;79,90;84,60;72,75;80,55;nan;nan;nan;nan;nan;nan;nan
13,00;allmini6;CLS+AVG+AVG-NS_LYR-4;CLS+AVG+AVG-NS;LYR-4;1,00;torch.Size([1152]);6,00;0,00;76,09;83,42;91,98;87,41;82,10;90,40;74,90;83,76;nan;nan;nan;nan;nan;nan;nan
14,00;allmini6;CLS+AVG+SUM-NS_LYR-4;CLS+AVG+SUM-NS;LYR-4;1,00;torch.Size([1152]);6,00;0,00;75,86;83,07;92,61;87,36;82,70;92,40;65,45;82,78;nan;nan;nan;nan;nan;nan;nan
15,00;allmini6;CLS+AVG+MAX-NS_LYR-4;CLS+AVG+MAX-NS;LYR-4;1,00;torch.Size([1152]);6,00;0,00;75,32;82,15;91,37;87,43;83,09;92,20;72,87;83,49;nan;nan;nan;nan;nan;nan;nan
16,00;allmini6;CLS+SUM+AVG-NS_LYR-4;CLS+SUM+AVG-NS;LYR-4;1,00;torch.Size([1152]);6,00;0,00;75,57;83,44;92,65;87,33;83,03;93,00;68,99;83,43;nan;nan;nan;nan;nan;nan;nan
17,00;allmini6;CLS+SUM+SUM-NS_LYR-4;CLS+SUM+SUM-NS;LYR-4;1,00;torch.Size([1152]);6,00;0,00;75,13;82,89;92,51;86,96;82,76;92,20;67,36;82,83;nan;nan;nan;nan;nan;nan;nan
18,00;allmini6;CLS+SUM+MAX-NS_LYR-4;CLS+SUM+MAX-NS;LYR-4;1,00;torch.Size([1152]);6,00;0,00;74,56;82,97;92,18;87,41;82,81;93,00;68,81;83,11;nan;nan;nan;nan;nan;nan;nan
19,00;allmini6;CLS+MAX+AVG-NS_LYR-4;CLS+MAX+AVG-NS;LYR-4;1,00;torch.Size([1152]);6,00;0,00;75,93;82,84;91,63;87,51;82,65;91,80;73,16;83,65;nan;nan;nan;nan;nan;nan;nan
20,00;allmini6;CLS+MAX+SUM-NS_LYR-4;CLS+MAX+SUM-NS;LYR-4;1,00;torch.Size([1152]);6,00;0,00;75,85;83,23;92,40;87,10;82,87;93,20;62,14;82,40;nan;nan;nan;nan;nan;nan;nan
21,00;allmini6;CLS+MAX+MAX-NS_LYR-4;CLS+MAX+MAX-NS;LYR-4;1,00;torch.Size([1152]);6,00;0,00;73,36;78,12;89,80;86,08;80,01;90,20;70,84;81,20;nan;nan;nan;nan;nan;nan;nan
22,00;allmini6;CLS_LYR-5;CLS;LYR-5;1,00;torch.Size([384]);6,00;0,00;63,82;63,76;81,94;68,77;71,11;45,00;66,49;65,84;nan;nan;nan;nan;nan;nan;nan
23,00;allmini6;AVG_LYR-5;AVG;LYR-5;1,00;torch.Size([384]);6,00;0,00;75,50;78,65;90,98;86,88;81,38;84,60;72,12;81,44;nan;nan;nan;nan;nan;nan;nan
24,00;allmini6;SUM_LYR-5;SUM;LYR-5;1,00;torch.Size([384]);6,00;0,00;75,59;78,01;92,04;86,69;81,93;90,80;66,43;81,64;nan;nan;nan;nan;nan;nan;nan
25,00;allmini6;MAX_LYR-5;MAX;LYR-5;1,00;torch.Size([384]);6,00;0,00;73,23;75,50;88,87;86,12;80,45;77,00;69,97;78,73;nan;nan;nan;nan;nan;nan;nan
26,00;allmini6;AVG-NS_LYR-5;AVG-NS;LYR-5;1,00;torch.Size([384]);6,00;0,00;75,50;79,55;90,89;86,80;81,55;87,60;72,17;82,01;nan;nan;nan;nan;nan;nan;nan
27,00;allmini6;SUM-NS_LYR-5;SUM-NS;LYR-5;1,00;torch.Size([384]);6,00;0,00;74,72;78,07;91,95;86,84;81,93;91,40;66,38;81,61;nan;nan;nan;nan;nan;nan;nan
28,00;allmini6;MAX-NS_LYR-5;MAX-NS;LYR-5;1,00;torch.Size([384]);6,00;0,00;72,86;76,03;88,69;86,74;77,87;77,80;71,07;78,72;nan;nan;nan;nan;nan;nan;nan
29,00;allmini6;CLS+AVG_LYR-5;CLS+AVG;LYR-5;1,00;torch.Size([768]);6,00;0,00;75,57;80,45;90,57;86,52;82,65;85,40;73,45;82,09;nan;nan;nan;nan;nan;nan;nan
30,00;allmini6;CLS+SUM_LYR-5;CLS+SUM;LYR-5;1,00;torch.Size([768]);6,00;0,00;75,63;82,57;92,36;86,52;82,10;91,80;64,99;82,28;nan;nan;nan;nan;nan;nan;nan
31,00;allmini6;CLS+MAX_LYR-5;CLS+MAX;LYR-5;1,00;torch.Size([768]);6,00;0,00;72,36;76,56;89,22;86,13;79,41;81,80;72,23;79,67;nan;nan;nan;nan;nan;nan;nan
32,00;allmini6;CLS+AVG-NS_LYR-5;CLS+AVG-NS;LYR-5;1,00;torch.Size([768]);6,00;0,00;75,57;80,48;91,00;86,83;82,76;85,20;73,74;82,23;nan;nan;nan;nan;nan;nan;nan
33,00;allmini6;CLS+SUM-NS_LYR-5;CLS+SUM-NS;LYR-5;1,00;torch.Size([768]);6,00;0,00;75,46;82,01;92,24;86,53;82,15;92,20;63,13;81,96;nan;nan;nan;nan;nan;nan;nan
34,00;allmini6;CLS+MAX-NS_LYR-5;CLS+MAX-NS;LYR-5;1,00;torch.Size([768]);6,00;0,00;72,58;78,44;89,19;86,50;79,63;78,80;72,52;79,67;nan;nan;nan;nan;nan;nan;nan
35,00;allmini6;CLS+AVG+AVG-NS_LYR-5;CLS+AVG+AVG-NS;LYR-5;1,00;torch.Size([1152]);6,00;0,00;76,36;82,36;91,93;87,30;82,92;90,20;73,10;83,45;nan;nan;nan;nan;nan;nan;nan
36,00;allmini6;CLS+AVG+SUM-NS_LYR-5;CLS+AVG+SUM-NS;LYR-5;1,00;torch.Size([1152]);6,00;0,00;76,44;82,33;92,53;87,39;82,48;92,00;69,91;83,30;nan;nan;nan;nan;nan;nan;nan
37,00;allmini6;CLS+AVG+MAX-NS_LYR-5;CLS+AVG+MAX-NS;LYR-5;1,00;torch.Size([1152]);6,00;0,00;75,65;80,11;91,35;87,72;82,59;89,60;72,46;82,78;nan;nan;nan;nan;nan;nan;nan
38,00;allmini6;CLS+SUM+AVG-NS_LYR-5;CLS+SUM+AVG-NS;LYR-5;1,00;torch.Size([1152]);6,00;0,00;76,02;81,17;92,53;87,59;81,33;91,60;69,51;82,82;nan;nan;nan;nan;nan;nan;nan
39,00;allmini6;CLS+SUM+SUM-NS_LYR-5;CLS+SUM+SUM-NS;LYR-5;1,00;torch.Size([1152]);6,00;0,00;75,92;82,06;92,53;87,02;81,71;92,20;69,16;82,94;nan;nan;nan;nan;nan;nan;nan
40,00;allmini6;CLS+SUM+MAX-NS_LYR-5;CLS+SUM+MAX-NS;LYR-5;1,00;torch.Size([1152]);6,00;0,00;75,48;81,54;92,12;87,36;82,15;92,00;63,88;82,08;nan;nan;nan;nan;nan;nan;nan
41,00;allmini6;CLS+MAX+AVG-NS_LYR-5;CLS+MAX+AVG-NS;LYR-5;1,00;torch.Size([1152]);6,00;0,00;75,90;81,11;91,50;87,82;82,15;89,00;72,75;82,89;nan;nan;nan;nan;nan;nan;nan
42,00;allmini6;CLS+MAX+SUM-NS_LYR-5;CLS+MAX+SUM-NS;LYR-5;1,00;torch.Size([1152]);6,00;0,00;76,43;81,14;92,45;87,46;82,43;92,20;71,71;83,40;nan;nan;nan;nan;nan;nan;nan
43,00;allmini6;CLS+MAX+MAX-NS_LYR-5;CLS+MAX+MAX-NS;LYR-5;1,00;torch.Size([1152]);6,00;0,00;73,47;78,28;89,78;86,75;80,56;85,20;72,70;80,96;nan;nan;nan;nan;nan;nan;nan
44,00;allmini6;CLS_LYR-6;CLS;LYR-6;1,00;torch.Size([384]);6,00;0,00;69,60;72,35;85,98;84,05;77,16;61,60;69,68;74,35;nan;nan;nan;nan;nan;nan;nan
45,00;allmini6;AVG_LYR-6;AVG;LYR-6;1,00;torch.Size([384]);6,00;0,00;74,59;76,87;90,53;87,04;81,49;85,60;71,42;81,08;nan;nan;nan;nan;nan;nan;nan
46,00;allmini6;SUM_LYR-6;SUM;LYR-6;1,00;torch.Size([384]);6,00;0,00;75,18;78,52;90,68;86,77;81,93;87,20;69,62;81,41;nan;nan;nan;nan;nan;nan;nan
47,00;allmini6;MAX_LYR-6;MAX;LYR-6;1,00;torch.Size([384]);6,00;0,00;71,11;74,52;86,89;85,60;77,65;81,20;70,49;78,21;nan;nan;nan;nan;nan;nan;nan
48,00;allmini6;AVG-NS_LYR-6;AVG-NS;LYR-6;1,00;torch.Size([384]);6,00;0,00;75,06;78,09;90,60;87,22;81,38;88,00;72,12;81,78;nan;nan;nan;nan;nan;nan;nan
49,00;allmini6;SUM-NS_LYR-6;SUM-NS;LYR-6;1,00;torch.Size([384]);6,00;0,00;75,37;78,70;90,77;86,67;82,15;87,80;64,06;80,79;nan;nan;nan;nan;nan;nan;nan
50,00;allmini6;MAX-NS_LYR-6;MAX-NS;LYR-6;1,00;torch.Size([384]);6,00;0,00;71,11;73,62;87,03;85,93;77,27;82,20;71,07;78,32;nan;nan;nan;nan;nan;nan;nan
51,00;allmini6;CLS+AVG_LYR-6;CLS+AVG;LYR-6;1,00;torch.Size([768]);6,00;0,00;74,82;78,52;90,57;87,40;81,93;87,60;71,13;81,71;nan;nan;nan;nan;nan;nan;nan
52,00;allmini6;CLS+SUM_LYR-6;CLS+SUM;LYR-6;1,00;torch.Size([768]);6,00;0,00;75,88;80,40;91,38;86,27;81,88;88,20;66,26;81,47;nan;nan;nan;nan;nan;nan;nan
53,00;allmini6;CLS+MAX_LYR-6;CLS+MAX;LYR-6;1,00;torch.Size([768]);6,00;0,00;72,19;76,66;88,58;86,92;78,69;84,00;73,45;80,07;nan;nan;nan;nan;nan;nan;nan
54,00;allmini6;CLS+AVG-NS_LYR-6;CLS+AVG-NS;LYR-6;1,00;torch.Size([768]);6,00;0,00;74,66;78,94;90,79;87,53;81,77;88,60;71,30;81,94;nan;nan;nan;nan;nan;nan;nan
55,00;allmini6;CLS+SUM-NS_LYR-6;CLS+SUM-NS;LYR-6;1,00;torch.Size([768]);6,00;0,00;76,06;81,03;91,74;86,93;81,71;89,40;66,90;81,97;nan;nan;nan;nan;nan;nan;nan
56,00;allmini6;CLS+MAX-NS_LYR-6;CLS+MAX-NS;LYR-6;1,00;torch.Size([768]);6,00;0,00;71,92;77,03;88,58;87,32;78,86;83,80;71,01;79,79;nan;nan;nan;nan;nan;nan;nan
57,00;allmini6;CLS+AVG+AVG-NS_LYR-6;CLS+AVG+AVG-NS;LYR-6;1,00;torch.Size([1152]);6,00;0,00;75,60;81,27;91,33;87,58;82,32;90,00;69,62;82,53;nan;nan;nan;nan;nan;nan;nan
58,00;allmini6;CLS+AVG+SUM-NS_LYR-6;CLS+AVG+SUM-NS;LYR-6;1,00;torch.Size([1152]);6,00;0,00;75,60;81,88;91,65;87,20;82,76;90,00;66,20;82,18;nan;nan;nan;nan;nan;nan;nan
59,00;allmini6;CLS+AVG+MAX-NS_LYR-6;CLS+AVG+MAX-NS;LYR-6;1,00;torch.Size([1152]);6,00;0,00;75,04;80,37;90,88;87,82;81,00;89,00;71,48;82,23;nan;nan;nan;nan;nan;nan;nan
60,00;allmini6;CLS+SUM+AVG-NS_LYR-6;CLS+SUM+AVG-NS;LYR-6;1,00;torch.Size([1152]);6,00;0,00;75,65;81,46;91,41;87,07;81,33;88,80;65,74;81,64;nan;nan;nan;nan;nan;nan;nan
61,00;allmini6;CLS+SUM+SUM-NS_LYR-6;CLS+SUM+SUM-NS;LYR-6;1,00;torch.Size([1152]);6,00;0,00;75,38;81,32;91,74;86,69;81,77;88,40;68,46;81,97;nan;nan;nan;nan;nan;nan;nan
62,00;allmini6;CLS+SUM+MAX-NS_LYR-6;CLS+SUM+MAX-NS;LYR-6;1,00;torch.Size([1152]);6,00;0,00;75,56;81,75;91,42;87,31;81,99;91,00;66,20;82,18;nan;nan;nan;nan;nan;nan;nan
63,00;allmini6;CLS+MAX+AVG-NS_LYR-6;CLS+MAX+AVG-NS;LYR-6;1,00;torch.Size([1152]);6,00;0,00;74,96;79,87;90,91;87,48;81,05;89,00;72,99;82,32;nan;nan;nan;nan;nan;nan;nan
64,00;allmini6;CLS+MAX+SUM-NS_LYR-6;CLS+MAX+SUM-NS;LYR-6;1,00;torch.Size([1152]);6,00;0,00;75,56;81,99;91,54;87,27;81,77;90,60;65,91;82,09;nan;nan;nan;nan;nan;nan;nan
65,00;allmini6;CLS+MAX+MAX-NS_LYR-6;CLS+MAX+MAX-NS;LYR-6;1,00;torch.Size([1152]);6,00;0,00;72,21;77,32;89,50;87,12;78,64;86,60;72,06;80,49;nan;nan;nan;nan;nan;nan;nan
66,00;allmini6;CLS_SUML4L;CLS;SUML4L;1,00;torch.Size([384]);6,00;0,00;68,71;71,26;85,23;82,86;77,38;63,20;66,96;73,66;nan;nan;nan;nan;nan;nan;nan
67,00;allmini6;AVG_SUML4L;AVG;SUML4L;1,00;torch.Size([384]);6,00;0,00;76,90;82,30;92,37;87,42;81,93;89,60;74,32;83,55;nan;nan;nan;nan;nan;nan;nan
68,00;allmini6;SUM_SUML4L;SUM;SUML4L;1,00;torch.Size([384]);6,00;0,00;72,03;79,15;90,41;85,92;81,27;88,20;65,74;80,39;nan;nan;nan;nan;nan;nan;nan
69,00;allmini6;MAX_SUML4L;MAX;SUML4L;1,00;torch.Size([384]);6,00;0,00;71,97;74,46;89,22;86,82;79,85;87,20;63,01;78,93;nan;nan;nan;nan;nan;nan;nan
70,00;allmini6;AVG-NS_SUML4L;AVG-NS;SUML4L;1,00;torch.Size([384]);6,00;0,00;76,52;82,86;92,42;87,49;81,99;90,60;74,20;83,73;nan;nan;nan;nan;nan;nan;nan
71,00;allmini6;SUM-NS_SUML4L;SUM-NS;SUML4L;1,00;torch.Size([384]);6,00;0,00;72,04;79,18;90,16;86,16;80,51;88,60;65,68;80,33;nan;nan;nan;nan;nan;nan;nan
72,00;allmini6;MAX-NS_SUML4L;MAX-NS;SUML4L;1,00;torch.Size([384]);6,00;0,00;71,40;74,20;89,50;86,87;79,41;85,40;65,86;78,95;nan;nan;nan;nan;nan;nan;nan
73,00;allmini6;CLS+AVG_SUML4L;CLS+AVG;SUML4L;1,00;torch.Size([768]);6,00;0,00;75,96;82,12;92,68;87,39;83,31;91,00;73,68;83,73;nan;nan;nan;nan;nan;nan;nan
74,00;allmini6;CLS+SUM_SUML4L;CLS+SUM;SUML4L;1,00;torch.Size([768]);6,00;0,00;73,89;80,50;91,48;87,32;82,04;88,60;65,16;81,28;nan;nan;nan;nan;nan;nan;nan
75,00;allmini6;CLS+MAX_SUML4L;CLS+MAX;SUML4L;1,00;torch.Size([768]);6,00;0,00;72,99;77,32;90,60;87,42;79,02;90,80;64,93;80,44;nan;nan;nan;nan;nan;nan;nan
76,00;allmini6;CLS+AVG-NS_SUML4L;CLS+AVG-NS;SUML4L;1,00;torch.Size([768]);6,00;0,00;76,00;81,96;92,38;87,44;81,66;90,40;74,84;83,53;nan;nan;nan;nan;nan;nan;nan
77,00;allmini6;CLS+SUM-NS_SUML4L;CLS+SUM-NS;SUML4L;1,00;torch.Size([768]);6,00;0,00;73,84;81,45;91,61;87,06;82,37;88,40;65,28;81,43;nan;nan;nan;nan;nan;nan;nan
78,00;allmini6;CLS+MAX-NS_SUML4L;CLS+MAX-NS;SUML4L;1,00;torch.Size([768]);6,00;0,00;73,25;76,26;90,64;87,46;79,52;90,60;70,49;81,17;nan;nan;nan;nan;nan;nan;nan
79,00;allmini6;CLS+AVG+AVG-NS_SUML4L;CLS+AVG+AVG-NS;SUML4L;1,00;torch.Size([1152]);6,00;0,00;77,05;84,40;92,82;88,08;83,47;90,80;74,49;84,44;nan;nan;nan;nan;nan;nan;nan
80,00;allmini6;CLS+AVG+SUM-NS_SUML4L;CLS+AVG+SUM-NS;SUML4L;1,00;torch.Size([1152]);6,00;0,00;75,35;82,46;91,57;87,21;82,81;88,80;63,83;81,72;nan;nan;nan;nan;nan;nan;nan
81,00;allmini6;CLS+AVG+MAX-NS_SUML4L;CLS+AVG+MAX-NS;SUML4L;1,00;torch.Size([1152]);6,00;0,00;75,78;81,11;92,38;88,07;82,21;92,20;70,43;83,17;nan;nan;nan;nan;nan;nan;nan
82,00;allmini6;CLS+SUM+AVG-NS_SUML4L;CLS+SUM+AVG-NS;SUML4L;1,00;torch.Size([1152]);6,00;0,00;72,69;79,42;91,50;87,72;82,81;86,60;66,03;80,97;nan;nan;nan;nan;nan;nan;nan
83,00;allmini6;CLS+SUM+SUM-NS_SUML4L;CLS+SUM+SUM-NS;SUML4L;1,00;torch.Size([1152]);6,00;0,00;74,32;81,83;91,42;86,37;81,82;87,40;64,93;81,16;nan;nan;nan;nan;nan;nan;nan
84,00;allmini6;CLS+SUM+MAX-NS_SUML4L;CLS+SUM+MAX-NS;SUML4L;1,00;torch.Size([1152]);6,00;0,00;72,93;80,56;90,87;87,34;82,70;90,20;65,10;81,39;nan;nan;nan;nan;nan;nan;nan
85,00;allmini6;CLS+MAX+AVG-NS_SUML4L;CLS+MAX+AVG-NS;SUML4L;1,00;torch.Size([1152]);6,00;0,00;76,39;82,99;92,00;88,10;82,21;90,20;72,41;83,47;nan;nan;nan;nan;nan;nan;nan
86,00;allmini6;CLS+MAX+SUM-NS_SUML4L;CLS+MAX+SUM-NS;SUML4L;1,00;torch.Size([1152]);6,00;0,00;74,51;81,85;91,34;87,46;83,20;89,80;66,32;82,07;nan;nan;nan;nan;nan;nan;nan
87,00;allmini6;CLS+MAX+MAX-NS_SUML4L;CLS+MAX+MAX-NS;SUML4L;1,00;torch.Size([1152]);6,00;0,00;72,52;75,82;90,49;87,66;78,86;90,60;69,16;80,73;nan;nan;nan;nan;nan;nan;nan
88,00;allmini6;CLS_AVGL4L;CLS;AVGL4L;1,00;torch.Size([384]);6,00;0,00;68,65;63,76;83,11;68,77;75,12;49,20;66,49;67,87;nan;nan;nan;nan;nan;nan;nan
89,00;allmini6;AVG_AVGL4L;AVG;AVGL4L;1,00;torch.Size([384]);6,00;0,00;75,65;79,47;91,17;86,65;82,15;82,20;73,62;81,56;nan;nan;nan;nan;nan;nan;nan
90,00;allmini6;SUM_AVGL4L;SUM;AVGL4L;1,00;torch.Size([384]);6,00;0,00;75,47;80,66;91,85;87,36;81,82;90,60;68,29;82,29;nan;nan;nan;nan;nan;nan;nan
91,00;allmini6;MAX_AVGL4L;MAX;AVGL4L;1,00;torch.Size([384]);6,00;0,00;72,65;76,32;89,34;86,74;78,69;83,20;69,57;79,50;nan;nan;nan;nan;nan;nan;nan
92,00;allmini6;AVG-NS_AVGL4L;AVG-NS;AVGL4L;1,00;torch.Size([384]);6,00;0,00;75,59;80,05;91,09;86,94;81,71;84,20;73,74;81,90;nan;nan;nan;nan;nan;nan;nan
93,00;allmini6;SUM-NS_AVGL4L;SUM-NS;AVGL4L;1,00;torch.Size([384]);6,00;0,00;75,49;80,74;91,74;87,29;82,65;91,00;67,83;82,39;nan;nan;nan;nan;nan;nan;nan
94,00;allmini6;MAX-NS_AVGL4L;MAX-NS;AVGL4L;1,00;torch.Size([384]);6,00;0,00;72,42;74,20;89,72;87,01;79,46;81,00;71,65;79,35;nan;nan;nan;nan;nan;nan;nan
95,00;allmini6;CLS+AVG_AVGL4L;CLS+AVG;AVGL4L;1,00;torch.Size([768]);6,00;0,00;76,26;81,70;91,27;87,24;82,48;86,00;74,09;82,72;nan;nan;nan;nan;nan;nan;nan
96,00;allmini6;CLS+SUM_AVGL4L;CLS+SUM;AVGL4L;1,00;torch.Size([768]);6,00;0,00;75,99;81,93;92,68;87,21;81,77;91,20;68,41;82,74;nan;nan;nan;nan;nan;nan;nan
97,00;allmini6;CLS+MAX_AVGL4L;CLS+MAX;AVGL4L;1,00;torch.Size([768]);6,00;0,00;73,22;76,93;90,20;86,79;78,86;83,20;72,58;80,25;nan;nan;nan;nan;nan;nan;nan
98,00;allmini6;CLS+AVG-NS_AVGL4L;CLS+AVG-NS;AVGL4L;1,00;torch.Size([768]);6,00;0,00;76,16;81,70;91,33;87,27;82,59;87,60;74,49;83,02;nan;nan;nan;nan;nan;nan;nan
99,00;allmini6;CLS+SUM-NS_AVGL4L;CLS+SUM-NS;AVGL4L;1,00;torch.Size([768]);6,00;0,00;76,21;81,99;92,76;87,44;81,88;91,00;67,01;82,61;nan;nan;nan;nan;nan;nan;nan
100,00;allmini6;CLS+MAX-NS_AVGL4L;CLS+MAX-NS;AVGL4L;1,00;torch.Size([768]);6,00;0,00;72,82;78,68;90,04;87,37;78,91;83,00;73,45;80,61;nan;nan;nan;nan;nan;nan;nan
101,00;allmini6;CLS+AVG+AVG-NS_AVGL4L;CLS+AVG+AVG-NS;AVGL4L;1,00;torch.Size([1152]);6,00;0,00;76,98;81,59;91,66;87,88;81,71;90,00;74,49;83,47;nan;nan;nan;nan;nan;nan;nan
102,00;allmini6;CLS+AVG+SUM-NS_AVGL4L;CLS+AVG+SUM-NS;AVGL4L;1,00;torch.Size([1152]);6,00;0,00;77,23;83,79;92,85;87,58;82,65;91,20;69,68;83,57;nan;nan;nan;nan;nan;nan;nan
103,00;allmini6;CLS+AVG+MAX-NS_AVGL4L;CLS+AVG+MAX-NS;AVGL4L;1,00;torch.Size([1152]);6,00;0,00;76,14;80,58;91,51;87,97;82,92;88,20;72,29;82,80;nan;nan;nan;nan;nan;nan;nan
104,00;allmini6;CLS+SUM+AVG-NS_AVGL4L;CLS+SUM+AVG-NS;AVGL4L;1,00;torch.Size([1152]);6,00;0,00;76,00;82,60;92,51;87,64;82,81;91,60;67,54;82,96;nan;nan;nan;nan;nan;nan;nan
105,00;allmini6;CLS+SUM+SUM-NS_AVGL4L;CLS+SUM+SUM-NS;AVGL4L;1,00;torch.Size([1152]);6,00;0,00;76,38;83,76;92,57;87,44;82,81;91,60;71,88;83,78;nan;nan;nan;nan;nan;nan;nan
106,00;allmini6;CLS+SUM+MAX-NS_AVGL4L;CLS+SUM+MAX-NS;AVGL4L;1,00;torch.Size([1152]);6,00;0,00;76,31;81,93;92,42;87,96;83,14;91,40;67,42;82,94;nan;nan;nan;nan;nan;nan;nan
107,00;allmini6;CLS+MAX+AVG-NS_AVGL4L;CLS+MAX+AVG-NS;AVGL4L;1,00;torch.Size([1152]);6,00;0,00;76,61;81,64;91,63;88,14;82,65;87,60;74,96;83,32;nan;nan;nan;nan;nan;nan;nan
108,00;allmini6;CLS+MAX+SUM-NS_AVGL4L;CLS+MAX+SUM-NS;AVGL4L;1,00;torch.Size([1152]);6,00;0,00;76,93;83,23;92,61;87,89;83,58;90,80;70,32;83,62;nan;nan;nan;nan;nan;nan;nan
109,00;allmini6;CLS+MAX+MAX-NS_AVGL4L;CLS+MAX+MAX-NS;AVGL4L;1,00;torch.Size([1152]);6,00;0,00;72,59;78,15;90,86;87,55;80,29;86,00;72,41;81,12;nan;nan;nan;nan;nan;nan;nan
110,00;allmini6;CLS_SUMALL;CLS;SUMALL;1,00;torch.Size([384]);6,00;0,00;67,60;67,65;84,17;81,25;77,10;62,60;66,49;72,41;nan;nan;nan;nan;nan;nan;nan
111,00;allmini6;AVG_SUMALL;AVG;SUMALL;1,00;torch.Size([384]);6,00;0,00;76,91;81,88;92,19;87,99;82,65;90,00;74,14;83,68;nan;nan;nan;nan;nan;nan;nan
112,00;allmini6;SUM_SUMALL;SUM;SUMALL;1,00;torch.Size([384]);6,00;0,00;69,67;78,65;90,23;85,83;81,82;87,80;65,39;79,91;nan;nan;nan;nan;nan;nan;nan
113,00;allmini6;MAX_SUMALL;MAX;SUMALL;1,00;torch.Size([384]);6,00;0,00;69,49;69,19;88,27;86,39;78,31;87,20;61,10;77,14;nan;nan;nan;nan;nan;nan;nan
114,00;allmini6;AVG-NS_SUMALL;AVG-NS;SUMALL;1,00;torch.Size([384]);6,00;0,00;76,85;81,51;92,35;88,00;82,04;89,80;74,32;83,55;nan;nan;nan;nan;nan;nan;nan
115,00;allmini6;SUM-NS_SUMALL;SUM-NS;SUMALL;1,00;torch.Size([384]);6,00;0,00;70,41;78,88;90,09;86,39;81,88;85,60;65,04;79,76;nan;nan;nan;nan;nan;nan;nan
116,00;allmini6;MAX-NS_SUMALL;MAX-NS;SUMALL;1,00;torch.Size([384]);6,00;0,00;68,82;65,88;88,48;86,81;78,86;89,20;61,68;77,10;nan;nan;nan;nan;nan;nan;nan
117,00;allmini6;CLS+AVG_SUMALL;CLS+AVG;SUMALL;1,00;torch.Size([768]);6,00;0,00;75,83;82,01;92,51;88,05;81,05;91,00;74,09;83,51;nan;nan;nan;nan;nan;nan;nan
118,00;allmini6;CLS+SUM_SUMALL;CLS+SUM;SUMALL;1,00;torch.Size([768]);6,00;0,00;72,29;80,61;91,32;86,85;82,59;90,00;62,43;80,87;nan;nan;nan;nan;nan;nan;nan
119,00;allmini6;CLS+MAX_SUMALL;CLS+MAX;SUMALL;1,00;torch.Size([768]);6,00;0,00;71,97;75,13;90,18;87,15;79,41;88,40;65,33;79,65;nan;nan;nan;nan;nan;nan;nan
120,00;allmini6;CLS+AVG-NS_SUMALL;CLS+AVG-NS;SUMALL;1,00;torch.Size([768]);6,00;0,00;76,04;82,20;92,64;88,30;80,83;90,80;73,10;83,42;nan;nan;nan;nan;nan;nan;nan
121,00;allmini6;CLS+SUM-NS_SUMALL;CLS+SUM-NS;SUMALL;1,00;torch.Size([768]);6,00;0,00;72,48;80,74;90,82;87,29;82,21;89,60;65,80;81,28;nan;nan;nan;nan;nan;nan;nan
122,00;allmini6;CLS+MAX-NS_SUMALL;CLS+MAX-NS;SUMALL;1,00;torch.Size([768]);6,00;0,00;72,00;73,22;90,02;87,14;79,46;90,00;66,78;79,80;nan;nan;nan;nan;nan;nan;nan
123,00;allmini6;CLS+AVG+AVG-NS_SUMALL;CLS+AVG+AVG-NS;SUMALL;1,00;torch.Size([1152]);6,00;0,00;76,81;83,50;93,02;88,29;82,70;89,80;67,83;83,14;nan;nan;nan;nan;nan;nan;nan
124,00;allmini6;CLS+AVG+SUM-NS_SUMALL;CLS+AVG+SUM-NS;SUMALL;1,00;torch.Size([1152]);6,00;0,00;73,28;81,72;91,37;87,68;81,33;89,80;65,97;81,59;nan;nan;nan;nan;nan;nan;nan
125,00;allmini6;CLS+AVG+MAX-NS_SUMALL;CLS+AVG+MAX-NS;SUMALL;1,00;torch.Size([1152]);6,00;0,00;75,62;81,30;92,25;88,31;82,81;91,80;68,99;83,01;nan;nan;nan;nan;nan;nan;nan
126,00;allmini6;CLS+SUM+AVG-NS_SUMALL;CLS+SUM+AVG-NS;SUMALL;1,00;torch.Size([1152]);6,00;0,00;72,84;79,97;91,17;87,32;80,56;86,20;64,99;80,44;nan;nan;nan;nan;nan;nan;nan
127,00;allmini6;CLS+SUM+SUM-NS_SUMALL;CLS+SUM+SUM-NS;SUMALL;1,00;torch.Size([1152]);6,00;0,00;71,53;80,10;91,08;86,88;82,26;89,40;68,12;81,34;nan;nan;nan;nan;nan;nan;nan
128,00;allmini6;CLS+SUM+MAX-NS_SUMALL;CLS+SUM+MAX-NS;SUMALL;1,00;torch.Size([1152]);6,00;0,00;72,69;79,18;90,87;87,14;82,15;86,40;64,06;80,36;nan;nan;nan;nan;nan;nan;nan
129,00;allmini6;CLS+MAX+AVG-NS_SUMALL;CLS+MAX+AVG-NS;SUMALL;1,00;torch.Size([1152]);6,00;0,00;74,78;81,72;92,21;87,97;82,32;91,00;70,14;82,88;nan;nan;nan;nan;nan;nan;nan
130,00;allmini6;CLS+MAX+SUM-NS_SUMALL;CLS+MAX+SUM-NS;SUMALL;1,00;torch.Size([1152]);6,00;0,00;73,14;81,01;91,06;87,17;81,22;90,00;62,72;80,90;nan;nan;nan;nan;nan;nan;nan
131,00;allmini6;CLS+MAX+MAX-NS_SUMALL;CLS+MAX+MAX-NS;SUMALL;1,00;torch.Size([1152]);6,00;0,00;71,72;73,33;90,27;87,60;79,79;89,80;69,68;80,31;nan;nan;nan;nan;nan;nan;nan
132,00;allmini6;CLS_AVGALL;CLS;AVGALL;1,00;torch.Size([384]);6,00;0,00;68,23;63,76;83,05;68,77;73,86;41,00;66,49;66,45;nan;nan;nan;nan;nan;nan;nan
133,00;allmini6;AVG_AVGALL;AVG;AVGALL;1,00;torch.Size([384]);6,00;0,00;74,66;78,28;90,89;87,26;82,10;84,60;72,70;81,50;nan;nan;nan;nan;nan;nan;nan
134,00;allmini6;SUM_AVGALL;SUM;AVGALL;1,00;torch.Size([384]);6,00;0,00;75,39;80,90;92,01;87,62;82,37;89,80;69,57;82,52;nan;nan;nan;nan;nan;nan;nan
135,00;allmini6;MAX_AVGALL;MAX;AVGALL;1,00;torch.Size([384]);6,00;0,00;71,44;70,20;89,24;86,42;77,38;80,20;69,33;77,74;nan;nan;nan;nan;nan;nan;nan
136,00;allmini6;AVG-NS_AVGALL;AVG-NS;AVGALL;1,00;torch.Size([384]);6,00;0,00;74,50;78,30;91,14;87,23;81,99;85,00;73,45;81,66;nan;nan;nan;nan;nan;nan;nan
137,00;allmini6;SUM-NS_AVGALL;SUM-NS;AVGALL;1,00;torch.Size([384]);6,00;0,00;75,56;80,72;91,91;87,50;82,76;89,80;70,55;82,69;nan;nan;nan;nan;nan;nan;nan
138,00;allmini6;MAX-NS_AVGALL;MAX-NS;AVGALL;1,00;torch.Size([384]);6,00;0,00;71,63;67,20;89,07;86,89;77,54;80,60;71,94;77,84;nan;nan;nan;nan;nan;nan;nan
139,00;allmini6;CLS+AVG_AVGALL;CLS+AVG;AVGALL;1,00;torch.Size([768]);6,00;0,00;75,44;79,44;91,62;87,68;81,99;83,60;73,97;81,96;nan;nan;nan;nan;nan;nan;nan
140,00;allmini6;CLS+SUM_AVGALL;CLS+SUM;AVGALL;1,00;torch.Size([768]);6,00;0,00;76,41;80,85;92,49;87,63;82,70;91,80;69,04;82,99;nan;nan;nan;nan;nan;nan;nan
141,00;allmini6;CLS+MAX_AVGALL;CLS+MAX;AVGALL;1,00;torch.Size([768]);6,00;0,00;72,20;74,94;89,58;86,92;79,13;82,20;73,16;79,73;nan;nan;nan;nan;nan;nan;nan
142,00;allmini6;CLS+AVG-NS_AVGALL;CLS+AVG-NS;AVGALL;1,00;torch.Size([768]);6,00;0,00;75,75;79,97;91,53;87,57;82,10;82,60;73,74;81,89;nan;nan;nan;nan;nan;nan;nan
143,00;allmini6;CLS+SUM-NS_AVGALL;CLS+SUM-NS;AVGALL;1,00;torch.Size([768]);6,00;0,00;75,95;81,48;92,33;87,89;82,43;91,40;68,99;82,92;nan;nan;nan;nan;nan;nan;nan
144,00;allmini6;CLS+MAX-NS_AVGALL;CLS+MAX-NS;AVGALL;1,00;torch.Size([768]);6,00;0,00;71,68;75,18;89,70;87,10;79,19;82,40;72,23;79,64;nan;nan;nan;nan;nan;nan;nan
145,00;allmini6;CLS+AVG+AVG-NS_AVGALL;CLS+AVG+AVG-NS;AVGALL;1,00;torch.Size([1152]);6,00;0,00;75,94;80,72;91,91;88,11;83,14;88,20;73,28;83,04;nan;nan;nan;nan;nan;nan;nan
146,00;allmini6;CLS+AVG+SUM-NS_AVGALL;CLS+AVG+SUM-NS;AVGALL;1,00;torch.Size([1152]);6,00;0,00;76,49;82,70;92,82;88,01;82,65;91,60;68,81;83,30;nan;nan;nan;nan;nan;nan;nan
147,00;allmini6;CLS+AVG+MAX-NS_AVGALL;CLS+AVG+MAX-NS;AVGALL;1,00;torch.Size([1152]);6,00;0,00;76,01;80,74;91,54;87,87;82,54;89,20;71,88;82,83;nan;nan;nan;nan;nan;nan;nan
148,00;allmini6;CLS+SUM+AVG-NS_AVGALL;CLS+SUM+AVG-NS;AVGALL;1,00;torch.Size([1152]);6,00;0,00;76,00;82,70;92,90;87,86;82,70;90,00;69,97;83,16;nan;nan;nan;nan;nan;nan;nan
149,00;allmini6;CLS+SUM+SUM-NS_AVGALL;CLS+SUM+SUM-NS;AVGALL;1,00;torch.Size([1152]);6,00;0,00;76,60;82,41;92,80;87,81;80,12;91,00;68,35;82,73;nan;nan;nan;nan;nan;nan;nan
150,00;allmini6;CLS+SUM+MAX-NS_AVGALL;CLS+SUM+MAX-NS;AVGALL;1,00;torch.Size([1152]);6,00;0,00;75,62;81,83;92,55;88,12;82,70;91,00;70,38;83,17;nan;nan;nan;nan;nan;nan;nan
151,00;allmini6;CLS+MAX+AVG-NS_AVGALL;CLS+MAX+AVG-NS;AVGALL;1,00;torch.Size([1152]);6,00;0,00;75,68;80,05;91,56;88,34;82,37;86,60;73,22;82,55;nan;nan;nan;nan;nan;nan;nan
152,00;allmini6;CLS+MAX+SUM-NS_AVGALL;CLS+MAX+SUM-NS;AVGALL;1,00;torch.Size([1152]);6,00;0,00;76,10;82,76;92,76;87,36;81,99;90,60;70,49;83,15;nan;nan;nan;nan;nan;nan;nan
153,00;allmini6;CLS+MAX+MAX-NS_AVGALL;CLS+MAX+MAX-NS;AVGALL;1,00;torch.Size([1152]);6,00;0,00;72,45;75,55;90,09;87,32;78,80;85,40;72,93;80,36;nan;nan;nan;nan;nan;nan;nan
154,00;allmpnet;CLS_LYR-7;CLS;LYR-7;1,00;torch.Size([768]);12,00;0,00;81,54;86,12;92,29;68,75;87,26;18,80;68,46;71,89;nan;nan;nan;nan;nan;nan;nan
155,00;allmpnet;AVG_LYR-7;AVG;LYR-7;1,00;torch.Size([768]);12,00;0,00;84,52;89,56;94,22;89,54;90,83;90,40;71,54;87,23;nan;nan;nan;nan;nan;nan;nan
156,00;allmpnet;SUM_LYR-7;SUM;LYR-7;1,00;torch.Size([768]);12,00;0,00;85,17;90,78;95,43;89,36;90,23;94,40;69,10;87,78;nan;nan;nan;nan;nan;nan;nan
157,00;allmpnet;MAX_LYR-7;MAX;LYR-7;1,00;torch.Size([768]);12,00;0,00;81,12;85,17;92,39;88,60;88,69;82,40;72,87;84,46;nan;nan;nan;nan;nan;nan;nan
158,00;allmpnet;AVG-NS_LYR-7;AVG-NS;LYR-7;1,00;torch.Size([768]);12,00;0,00;83,67;89,75;94,05;90,04;91,16;90,80;71,71;87,31;nan;nan;nan;nan;nan;nan;nan
159,00;allmpnet;SUM-NS_LYR-7;SUM-NS;LYR-7;1,00;torch.Size([768]);12,00;0,00;85,22;90,49;95,28;89,35;90,61;94,80;65,33;87,30;nan;nan;nan;nan;nan;nan;nan
160,00;allmpnet;MAX-NS_LYR-7;MAX-NS;LYR-7;1,00;torch.Size([768]);12,00;0,00;80,77;84,79;92,64;88,63;88,91;82,40;72,64;84,40;nan;nan;nan;nan;nan;nan;nan
161,00;allmpnet;CLS+AVG_LYR-7;CLS+AVG;LYR-7;1,00;torch.Size([1536]);12,00;0,00;85,23;89,48;95,09;89,01;91,54;91,60;73,91;87,98;nan;nan;nan;nan;nan;nan;nan
162,00;allmpnet;CLS+SUM_LYR-7;CLS+SUM;LYR-7;1,00;torch.Size([1536]);12,00;0,00;86,02;90,78;95,77;90,25;90,55;94,20;70,84;88,34;nan;nan;nan;nan;nan;nan;nan
163,00;allmpnet;CLS+MAX_LYR-7;CLS+MAX;LYR-7;1,00;torch.Size([1536]);12,00;0,00;83,41;88,77;94,75;88,70;90,66;84,60;72,87;86,25;nan;nan;nan;nan;nan;nan;nan
164,00;allmpnet;CLS+AVG-NS_LYR-7;CLS+AVG-NS;LYR-7;1,00;torch.Size([1536]);12,00;0,00;85,30;89,72;95,19;89,36;91,65;92,00;73,80;88,15;nan;nan;nan;nan;nan;nan;nan
165,00;allmpnet;CLS+SUM-NS_LYR-7;CLS+SUM-NS;LYR-7;1,00;torch.Size([1536]);12,00;0,00;86,31;91,02;95,56;90,14;90,55;94,20;70,20;88,28;nan;nan;nan;nan;nan;nan;nan
166,00;allmpnet;CLS+MAX-NS_LYR-7;CLS+MAX-NS;LYR-7;1,00;torch.Size([1536]);12,00;0,00;83,29;89,25;94,65;88,64;91,32;84,60;72,58;86,33;nan;nan;nan;nan;nan;nan;nan
167,00;allmpnet;CLS+AVG+AVG-NS_LYR-7;CLS+AVG+AVG-NS;LYR-7;1,00;torch.Size([2304]);12,00;0,00;85,97;90,76;95,34;89,98;91,27;93,60;74,96;88,84;nan;nan;nan;nan;nan;nan;nan
168,00;allmpnet;CLS+AVG+SUM-NS_LYR-7;CLS+AVG+SUM-NS;LYR-7;1,00;torch.Size([2304]);12,00;0,00;86,10;91,74;95,36;90,28;90,06;94,60;67,59;87,96;nan;nan;nan;nan;nan;nan;nan
169,00;allmpnet;CLS+AVG+MAX-NS_LYR-7;CLS+AVG+MAX-NS;LYR-7;1,00;torch.Size([2304]);12,00;0,00;85,44;90,83;95,05;89,99;91,98;93,00;73,39;88,53;nan;nan;nan;nan;nan;nan;nan
170,00;allmpnet;CLS+SUM+AVG-NS_LYR-7;CLS+SUM+AVG-NS;LYR-7;1,00;torch.Size([2304]);12,00;0,00;86,36;90,52;95,50;89,91;90,61;94,60;70,20;88,24;nan;nan;nan;nan;nan;nan;nan
171,00;allmpnet;CLS+SUM+SUM-NS_LYR-7;CLS+SUM+SUM-NS;LYR-7;1,00;torch.Size([2304]);12,00;0,00;85,64;90,36;95,47;90,01;90,39;94,80;68,46;87,88;nan;nan;nan;nan;nan;nan;nan
172,00;allmpnet;CLS+SUM+MAX-NS_LYR-7;CLS+SUM+MAX-NS;LYR-7;1,00;torch.Size([2304]);12,00;0,00;85,74;91,18;94,91;90,09;90,94;94,80;67,07;87,82;nan;nan;nan;nan;nan;nan;nan
173,00;allmpnet;CLS+MAX+AVG-NS_LYR-7;CLS+MAX+AVG-NS;LYR-7;1,00;torch.Size([2304]);12,00;0,00;85,58;90,60;95,33;90,06;91,49;92,40;73,04;88,36;nan;nan;nan;nan;nan;nan;nan
174,00;allmpnet;CLS+MAX+SUM-NS_LYR-7;CLS+MAX+SUM-NS;LYR-7;1,00;torch.Size([2304]);12,00;0,00;86,03;91,26;95,38;90,04;90,94;95,20;68,00;88,12;nan;nan;nan;nan;nan;nan;nan
175,00;allmpnet;CLS+MAX+MAX-NS_LYR-7;CLS+MAX+MAX-NS;LYR-7;1,00;torch.Size([2304]);12,00;0,00;83,82;89,56;94,26;89,03;91,49;90,40;72,12;87,24;nan;nan;nan;nan;nan;nan;nan
176,00;allmpnet;CLS_LYR-8;CLS;LYR-8;1,00;torch.Size([768]);12,00;0,00;81,86;84,61;91,28;68,77;87,86;44,20;66,72;75,04;nan;nan;nan;nan;nan;nan;nan
177,00;allmpnet;AVG_LYR-8;AVG;LYR-8;1,00;torch.Size([768]);12,00;0,00;85,90;89,48;94,15;89,19;90,61;91,60;70,67;87,37;nan;nan;nan;nan;nan;nan;nan
178,00;allmpnet;SUM_LYR-8;SUM;LYR-8;1,00;torch.Size([768]);12,00;0,00;85,24;90,99;95,09;89,60;90,77;94,60;70,32;88,09;nan;nan;nan;nan;nan;nan;nan
179,00;allmpnet;MAX_LYR-8;MAX;LYR-8;1,00;torch.Size([768]);12,00;0,00;83,13;87,42;92,78;88,33;89,29;85,00;72,64;85,51;nan;nan;nan;nan;nan;nan;nan
180,00;allmpnet;AVG-NS_LYR-8;AVG-NS;LYR-8;1,00;torch.Size([768]);12,00;0,00;85,99;89,19;94,33;89,52;90,88;92,20;70,96;87,58;nan;nan;nan;nan;nan;nan;nan
181,00;allmpnet;SUM-NS_LYR-8;SUM-NS;LYR-8;1,00;torch.Size([768]);12,00;0,00;85,43;90,65;95,09;89,71;90,50;94,60;69,97;87,99;nan;nan;nan;nan;nan;nan;nan
182,00;allmpnet;MAX-NS_LYR-8;MAX-NS;LYR-8;1,00;torch.Size([768]);12,00;0,00;83,54;87,36;92,55;88,30;89,35;84,80;72,70;85,51;nan;nan;nan;nan;nan;nan;nan
183,00;allmpnet;CLS+AVG_LYR-8;CLS+AVG;LYR-8;1,00;torch.Size([1536]);12,00;0,00;85,96;89,27;95,02;88,98;91,82;92,40;70,61;87,72;nan;nan;nan;nan;nan;nan;nan
184,00;allmpnet;CLS+SUM_LYR-8;CLS+SUM;LYR-8;1,00;torch.Size([1536]);12,00;0,00;85,72;90,76;95,13;89,89;90,61;93,20;70,09;87,91;nan;nan;nan;nan;nan;nan;nan
185,00;allmpnet;CLS+MAX_LYR-8;CLS+MAX;LYR-8;1,00;torch.Size([1536]);12,00;0,00;84,70;88,37;94,57;88,55;90,66;84,00;71,30;86,02;nan;nan;nan;nan;nan;nan;nan
186,00;allmpnet;CLS+AVG-NS_LYR-8;CLS+AVG-NS;LYR-8;1,00;torch.Size([1536]);12,00;0,00;86,20;89,96;95,04;89,50;91,87;90,60;70,43;87,66;nan;nan;nan;nan;nan;nan;nan
187,00;allmpnet;CLS+SUM-NS_LYR-8;CLS+SUM-NS;LYR-8;1,00;torch.Size([1536]);12,00;0,00;85,82;90,30;94,99;90,00;91,10;93,20;70,32;87,96;nan;nan;nan;nan;nan;nan;nan
188,00;allmpnet;CLS+MAX-NS_LYR-8;CLS+MAX-NS;LYR-8;1,00;torch.Size([1536]);12,00;0,00;84,64;88,05;94,51;88,55;90,61;84,00;73,16;86,22;nan;nan;nan;nan;nan;nan;nan
189,00;allmpnet;CLS+AVG+AVG-NS_LYR-8;CLS+AVG+AVG-NS;LYR-8;1,00;torch.Size([2304]);12,00;0,00;86,09;90,78;95,40;90,13;91,93;94,80;73,74;88,98;nan;nan;nan;nan;nan;nan;nan
190,00;allmpnet;CLS+AVG+SUM-NS_LYR-8;CLS+AVG+SUM-NS;LYR-8;1,00;torch.Size([2304]);12,00;0,00;85,94;90,25;95,53;89,93;90,99;95,00;70,14;88,25;nan;nan;nan;nan;nan;nan;nan
191,00;allmpnet;CLS+AVG+MAX-NS_LYR-8;CLS+AVG+MAX-NS;LYR-8;1,00;torch.Size([2304]);12,00;0,00;85,33;90,15;95,07;89,90;91,27;92,60;72,64;88,14;nan;nan;nan;nan;nan;nan;nan
192,00;allmpnet;CLS+SUM+AVG-NS_LYR-8;CLS+SUM+AVG-NS;LYR-8;1,00;torch.Size([2304]);12,00;0,00;86,09;90,73;95,53;89,76;91,27;94,20;68,64;88,03;nan;nan;nan;nan;nan;nan;nan
193,00;allmpnet;CLS+SUM+SUM-NS_LYR-8;CLS+SUM+SUM-NS;LYR-8;1,00;torch.Size([2304]);12,00;0,00;85,45;91,36;95,09;90,18;90,99;95,80;69,68;88,36;nan;nan;nan;nan;nan;nan;nan
194,00;allmpnet;CLS+SUM+MAX-NS_LYR-8;CLS+SUM+MAX-NS;LYR-8;1,00;torch.Size([2304]);12,00;0,00;86,13;90,91;95,44;90,06;91,05;95,80;68,52;88,27;nan;nan;nan;nan;nan;nan;nan
195,00;allmpnet;CLS+MAX+AVG-NS_LYR-8;CLS+MAX+AVG-NS;LYR-8;1,00;torch.Size([2304]);12,00;0,00;86,21;90,28;95,04;89,88;92,09;92,00;73,45;88,42;nan;nan;nan;nan;nan;nan;nan
196,00;allmpnet;CLS+MAX+SUM-NS_LYR-8;CLS+MAX+SUM-NS;LYR-8;1,00;torch.Size([2304]);12,00;0,00;86,10;90,84;95,24;90,07;91,05;95,40;70,26;88,42;nan;nan;nan;nan;nan;nan;nan
197,00;allmpnet;CLS+MAX+MAX-NS_LYR-8;CLS+MAX+MAX-NS;LYR-8;1,00;torch.Size([2304]);12,00;0,00;84,65;88,11;94,12;88,81;90,83;89,60;71,59;86,82;nan;nan;nan;nan;nan;nan;nan
198,00;allmpnet;CLS_LYR-9;CLS;LYR-9;1,00;torch.Size([768]);12,00;0,00;76,01;63,76;84,02;68,77;82,70;38,00;66,49;68,54;nan;nan;nan;nan;nan;nan;nan
199,00;allmpnet;AVG_LYR-9;AVG;LYR-9;1,00;torch.Size([768]);12,00;0,00;85,28;87,26;94,09;89,10;91,05;94,80;71,01;87,51;nan;nan;nan;nan;nan;nan;nan
200,00;allmpnet;SUM_LYR-9;SUM;LYR-9;1,00;torch.Size([768]);12,00;0,00;85,30;90,51;94,78;89,39;90,28;95,20;69,10;87,79;nan;nan;nan;nan;nan;nan;nan
201,00;allmpnet;MAX_LYR-9;MAX;LYR-9;1,00;torch.Size([768]);12,00;0,00;83,09;83,58;92,45;88,44;90,23;84,60;72,70;85,01;nan;nan;nan;nan;nan;nan;nan
202,00;allmpnet;AVG-NS_LYR-9;AVG-NS;LYR-9;1,00;torch.Size([768]);12,00;0,00;85,20;87,18;94,04;89,41;90,99;95,00;70,67;87,50;nan;nan;nan;nan;nan;nan;nan
203,00;allmpnet;SUM-NS_LYR-9;SUM-NS;LYR-9;1,00;torch.Size([768]);12,00;0,00;85,31;90,38;94,95;89,63;90,12;95,40;67,59;87,63;nan;nan;nan;nan;nan;nan;nan
204,00;allmpnet;MAX-NS_LYR-9;MAX-NS;LYR-9;1,00;torch.Size([768]);12,00;0,00;83,08;83,60;92,41;88,40;90,17;84,60;72,70;84,99;nan;nan;nan;nan;nan;nan;nan
205,00;allmpnet;CLS+AVG_LYR-9;CLS+AVG;LYR-9;1,00;torch.Size([1536]);12,00;0,00;85,21;87,82;94,17;89,18;90,88;93,20;70,96;87,35;nan;nan;nan;nan;nan;nan;nan
206,00;allmpnet;CLS+SUM_LYR-9;CLS+SUM;LYR-9;1,00;torch.Size([1536]);12,00;0,00;85,65;90,33;95,18;89,65;90,88;96,20;69,33;88,17;nan;nan;nan;nan;nan;nan;nan
207,00;allmpnet;CLS+MAX_LYR-9;CLS+MAX;LYR-9;1,00;torch.Size([1536]);12,00;0,00;83,66;85,09;92,77;88,41;90,23;89,40;71,88;85,92;nan;nan;nan;nan;nan;nan;nan
208,00;allmpnet;CLS+AVG-NS_LYR-9;CLS+AVG-NS;LYR-9;1,00;torch.Size([1536]);12,00;0,00;85,22;88,08;94,09;89,57;91,05;93,00;71,30;87,47;nan;nan;nan;nan;nan;nan;nan
209,00;allmpnet;CLS+SUM-NS_LYR-9;CLS+SUM-NS;LYR-9;1,00;torch.Size([1536]);12,00;0,00;85,49;90,14;95,05;89,57;91,10;96,40;68,75;88,07;nan;nan;nan;nan;nan;nan;nan
210,00;allmpnet;CLS+MAX-NS_LYR-9;CLS+MAX-NS;LYR-9;1,00;torch.Size([1536]);12,00;0,00;83,69;84,16;92,76;88,68;90,23;89,40;71,88;85,83;nan;nan;nan;nan;nan;nan;nan
211,00;allmpnet;CLS+AVG+AVG-NS_LYR-9;CLS+AVG+AVG-NS;LYR-9;1,00;torch.Size([2304]);12,00;0,00;85,80;88,58;94,85;89,83;91,05;94,80;73,91;88,40;nan;nan;nan;nan;nan;nan;nan
212,00;allmpnet;CLS+AVG+SUM-NS_LYR-9;CLS+AVG+SUM-NS;LYR-9;1,00;torch.Size([2304]);12,00;0,00;85,94;90,46;95,46;89,80;90,88;94,60;69,51;88,09;nan;nan;nan;nan;nan;nan;nan
213,00;allmpnet;CLS+AVG+MAX-NS_LYR-9;CLS+AVG+MAX-NS;LYR-9;1,00;torch.Size([2304]);12,00;0,00;85,23;88,56;94,34;89,39;92,20;95,60;72,75;88,30;nan;nan;nan;nan;nan;nan;nan
214,00;allmpnet;CLS+SUM+AVG-NS_LYR-9;CLS+SUM+AVG-NS;LYR-9;1,00;torch.Size([2304]);12,00;0,00;85,84;89,11;95,58;89,65;91,27;96,00;68,64;88,01;nan;nan;nan;nan;nan;nan;nan
215,00;allmpnet;CLS+SUM+SUM-NS_LYR-9;CLS+SUM+SUM-NS;LYR-9;1,00;torch.Size([2304]);12,00;0,00;85,46;89,57;95,30;89,58;90,72;95,80;68,81;87,89;nan;nan;nan;nan;nan;nan;nan
216,00;allmpnet;CLS+SUM+MAX-NS_LYR-9;CLS+SUM+MAX-NS;LYR-9;1,00;torch.Size([2304]);12,00;0,00;85,64;89,25;95,28;89,97;90,72;96,20;69,91;88,14;nan;nan;nan;nan;nan;nan;nan
217,00;allmpnet;CLS+MAX+AVG-NS_LYR-9;CLS+MAX+AVG-NS;LYR-9;1,00;torch.Size([2304]);12,00;0,00;85,53;88,77;94,28;89,60;92,09;94,40;73,39;88,29;nan;nan;nan;nan;nan;nan;nan
218,00;allmpnet;CLS+MAX+SUM-NS_LYR-9;CLS+MAX+SUM-NS;LYR-9;1,00;torch.Size([2304]);12,00;0,00;85,81;89,72;95,60;89,85;90,77;95,40;69,22;88,05;nan;nan;nan;nan;nan;nan;nan
219,00;allmpnet;CLS+MAX+MAX-NS_LYR-9;CLS+MAX+MAX-NS;LYR-9;1,00;torch.Size([2304]);12,00;0,00;82,99;86,01;92,83;88,82;90,33;93,60;72,17;86,68;nan;nan;nan;nan;nan;nan;nan
220,00;allmpnet;CLS_LYR-10;CLS;LYR-10;1,00;torch.Size([768]);12,00;0,00;62,80;63,76;76,50;68,77;58,54;18,40;66,49;59,32;nan;nan;nan;nan;nan;nan;nan
221,00;allmpnet;AVG_LYR-10;AVG;LYR-10;1,00;torch.Size([768]);12,00;0,00;85,35;85,59;93,78;89,06;90,01;94,80;74,09;87,53;nan;nan;nan;nan;nan;nan;nan
222,00;allmpnet;SUM_LYR-10;SUM;LYR-10;1,00;torch.Size([768]);12,00;0,00;85,03;89,99;94,65;89,55;90,17;96,00;70,61;88,00;nan;nan;nan;nan;nan;nan;nan
223,00;allmpnet;MAX_LYR-10;MAX;LYR-10;1,00;torch.Size([768]);12,00;0,00;84,28;84,03;92,73;88,44;90,01;87,20;73,33;85,72;nan;nan;nan;nan;nan;nan;nan
224,00;allmpnet;AVG-NS_LYR-10;AVG-NS;LYR-10;1,00;torch.Size([768]);12,00;0,00;85,28;85,99;93,77;89,08;90,17;94,00;74,32;87,52;nan;nan;nan;nan;nan;nan;nan
225,00;allmpnet;SUM-NS_LYR-10;SUM-NS;LYR-10;1,00;torch.Size([768]);12,00;0,00;84,27;89,11;94,65;89,38;90,06;95,80;70,96;87,75;nan;nan;nan;nan;nan;nan;nan
226,00;allmpnet;MAX-NS_LYR-10;MAX-NS;LYR-10;1,00;torch.Size([768]);12,00;0,00;84,28;84,00;92,77;88,33;89,95;89,00;73,33;85,95;nan;nan;nan;nan;nan;nan;nan
227,00;allmpnet;CLS+AVG_LYR-10;CLS+AVG;LYR-10;1,00;torch.Size([1536]);12,00;0,00;84,76;84,18;93,85;88,94;90,28;93,40;73,86;87,04;nan;nan;nan;nan;nan;nan;nan
228,00;allmpnet;CLS+SUM_LYR-10;CLS+SUM;LYR-10;1,00;torch.Size([1536]);12,00;0,00;85,53;89,22;94,85;89,47;90,28;95,80;68,52;87,67;nan;nan;nan;nan;nan;nan;nan
229,00;allmpnet;CLS+MAX_LYR-10;CLS+MAX;LYR-10;1,00;torch.Size([1536]);12,00;0,00;83,98;84,16;92,53;88,04;90,28;88,00;71,36;85,48;nan;nan;nan;nan;nan;nan;nan
230,00;allmpnet;CLS+AVG-NS_LYR-10;CLS+AVG-NS;LYR-10;1,00;torch.Size([1536]);12,00;0,00;84,70;85,38;93,93;89,23;90,44;93,80;74,96;87,49;nan;nan;nan;nan;nan;nan;nan
231,00;allmpnet;CLS+SUM-NS_LYR-10;CLS+SUM-NS;LYR-10;1,00;torch.Size([1536]);12,00;0,00;85,45;89,67;94,89;89,38;90,50;95,80;70,03;87,96;nan;nan;nan;nan;nan;nan;nan
232,00;allmpnet;CLS+MAX-NS_LYR-10;CLS+MAX-NS;LYR-10;1,00;torch.Size([1536]);12,00;0,00;83,98;84,16;92,49;88,00;90,06;88,00;71,36;85,44;nan;nan;nan;nan;nan;nan;nan
233,00;allmpnet;CLS+AVG+AVG-NS_LYR-10;CLS+AVG+AVG-NS;LYR-10;1,00;torch.Size([2304]);12,00;0,00;85,10;87,04;94,31;89,79;90,23;95,40;75,71;88,23;nan;nan;nan;nan;nan;nan;nan
234,00;allmpnet;CLS+AVG+SUM-NS_LYR-10;CLS+AVG+SUM-NS;LYR-10;1,00;torch.Size([2304]);12,00;0,00;85,16;88,85;95,17;89,78;90,39;95,80;67,71;87,55;nan;nan;nan;nan;nan;nan;nan
235,00;allmpnet;CLS+AVG+MAX-NS_LYR-10;CLS+AVG+MAX-NS;LYR-10;1,00;torch.Size([2304]);12,00;0,00;85,35;84,50;93,53;89,20;90,55;94,20;75,77;87,59;nan;nan;nan;nan;nan;nan;nan
236,00;allmpnet;CLS+SUM+AVG-NS_LYR-10;CLS+SUM+AVG-NS;LYR-10;1,00;torch.Size([2304]);12,00;0,00;85,85;89,40;95,16;89,81;90,33;95,40;68,17;87,73;nan;nan;nan;nan;nan;nan;nan
237,00;allmpnet;CLS+SUM+SUM-NS_LYR-10;CLS+SUM+SUM-NS;LYR-10;1,00;torch.Size([2304]);12,00;0,00;85,31;89,75;95,03;89,60;90,44;95,60;69,04;87,82;nan;nan;nan;nan;nan;nan;nan
238,00;allmpnet;CLS+SUM+MAX-NS_LYR-10;CLS+SUM+MAX-NS;LYR-10;1,00;torch.Size([2304]);12,00;0,00;85,75;88,98;95,13;89,82;90,66;96,00;68,70;87,86;nan;nan;nan;nan;nan;nan;nan
239,00;allmpnet;CLS+MAX+AVG-NS_LYR-10;CLS+MAX+AVG-NS;LYR-10;1,00;torch.Size([2304]);12,00;0,00;84,89;85,54;93,52;89,52;90,23;94,60;74,43;87,53;nan;nan;nan;nan;nan;nan;nan
240,00;allmpnet;CLS+MAX+SUM-NS_LYR-10;CLS+MAX+SUM-NS;LYR-10;1,00;torch.Size([2304]);12,00;0,00;85,49;89,16;95,01;90,01;90,55;96,00;67,94;87,74;nan;nan;nan;nan;nan;nan;nan
241,00;allmpnet;CLS+MAX+MAX-NS_LYR-10;CLS+MAX+MAX-NS;LYR-10;1,00;torch.Size([2304]);12,00;0,00;84,50;84,11;92,77;88,99;90,39;92,80;70,96;86,36;nan;nan;nan;nan;nan;nan;nan
242,00;allmpnet;CLS_LYR-11;CLS;LYR-11;1,00;torch.Size([768]);12,00;0,00;76,29;63,76;83,45;68,77;80,51;77,40;66,49;73,81;nan;nan;nan;nan;nan;nan;nan
243,00;allmpnet;AVG_LYR-11;AVG;LYR-11;1,00;torch.Size([768]);12,00;0,00;84,49;84,45;93,43;88,39;89,57;93,80;75,42;87,08;nan;nan;nan;nan;nan;nan;nan
244,00;allmpnet;SUM_LYR-11;SUM;LYR-11;1,00;torch.Size([768]);12,00;0,00;84,35;87,68;94,54;88,95;89,24;95,00;67,36;86,73;nan;nan;nan;nan;nan;nan;nan
245,00;allmpnet;MAX_LYR-11;MAX;LYR-11;1,00;torch.Size([768]);12,00;0,00;82,92;82,22;91,99;87,90;88,91;85,20;73,16;84,61;nan;nan;nan;nan;nan;nan;nan
246,00;allmpnet;AVG-NS_LYR-11;AVG-NS;LYR-11;1,00;torch.Size([768]);12,00;0,00;84,58;84,37;93,33;88,57;89,68;94,20;75,83;87,22;nan;nan;nan;nan;nan;nan;nan
247,00;allmpnet;SUM-NS_LYR-11;SUM-NS;LYR-11;1,00;torch.Size([768]);12,00;0,00;84,67;87,73;94,51;88,90;89,29;95,00;67,48;86,80;nan;nan;nan;nan;nan;nan;nan
248,00;allmpnet;MAX-NS_LYR-11;MAX-NS;LYR-11;1,00;torch.Size([768]);12,00;0,00;83,00;82,25;92,00;87,78;89,02;86,60;73,10;84,82;nan;nan;nan;nan;nan;nan;nan
249,00;allmpnet;CLS+AVG_LYR-11;CLS+AVG;LYR-11;1,00;torch.Size([1536]);12,00;0,00;84,81;84,24;93,54;88,29;89,73;94,00;75,42;87,15;nan;nan;nan;nan;nan;nan;nan
250,00;allmpnet;CLS+SUM_LYR-11;CLS+SUM;LYR-11;1,00;torch.Size([1536]);12,00;0,00;84,94;87,31;94,19;89,40;90,44;96,00;71,07;87,62;nan;nan;nan;nan;nan;nan;nan
251,00;allmpnet;CLS+MAX_LYR-11;CLS+MAX;LYR-11;1,00;torch.Size([1536]);12,00;0,00;83,23;82,67;92,03;88,06;89,24;90,80;73,57;85,66;nan;nan;nan;nan;nan;nan;nan
252,00;allmpnet;CLS+AVG-NS_LYR-11;CLS+AVG-NS;LYR-11;1,00;torch.Size([1536]);12,00;0,00;84,61;85,04;93,68;89,05;89,73;94,80;75,07;87,43;nan;nan;nan;nan;nan;nan;nan
253,00;allmpnet;CLS+SUM-NS_LYR-11;CLS+SUM-NS;LYR-11;1,00;torch.Size([1536]);12,00;0,00;84,92;87,31;94,27;89,15;90,44;96,00;71,36;87,64;nan;nan;nan;nan;nan;nan;nan
254,00;allmpnet;CLS+MAX-NS_LYR-11;CLS+MAX-NS;LYR-11;1,00;torch.Size([1536]);12,00;0,00;83,24;82,83;92,19;87,98;89,24;90,60;73,62;85,67;nan;nan;nan;nan;nan;nan;nan
255,00;allmpnet;CLS+AVG+AVG-NS_LYR-11;CLS+AVG+AVG-NS;LYR-11;1,00;torch.Size([2304]);12,00;0,00;85,25;85,75;94,03;89,30;89,68;94,60;74,96;87,65;nan;nan;nan;nan;nan;nan;nan
256,00;allmpnet;CLS+AVG+SUM-NS_LYR-11;CLS+AVG+SUM-NS;LYR-11;1,00;torch.Size([2304]);12,00;0,00;85,31;87,79;94,86;89,46;90,23;96,00;72,17;87,97;nan;nan;nan;nan;nan;nan;nan
257,00;allmpnet;CLS+AVG+MAX-NS_LYR-11;CLS+AVG+MAX-NS;LYR-11;1,00;torch.Size([2304]);12,00;0,00;84,80;85,22;93,94;88,89;90,23;95,80;75,36;87,75;nan;nan;nan;nan;nan;nan;nan
258,00;allmpnet;CLS+SUM+AVG-NS_LYR-11;CLS+SUM+AVG-NS;LYR-11;1,00;torch.Size([2304]);12,00;0,00;85,10;88,40;94,99;89,58;90,12;96,00;71,13;87,90;nan;nan;nan;nan;nan;nan;nan
259,00;allmpnet;CLS+SUM+SUM-NS_LYR-11;CLS+SUM+SUM-NS;LYR-11;1,00;torch.Size([2304]);12,00;0,00;84,19;87,81;94,73;89,61;90,06;96,20;71,01;87,66;nan;nan;nan;nan;nan;nan;nan
260,00;allmpnet;CLS+SUM+MAX-NS_LYR-11;CLS+SUM+MAX-NS;LYR-11;1,00;torch.Size([2304]);12,00;0,00;84,99;88,40;94,99;89,36;90,61;96,60;72,06;88,14;nan;nan;nan;nan;nan;nan;nan
261,00;allmpnet;CLS+MAX+AVG-NS_LYR-11;CLS+MAX+AVG-NS;LYR-11;1,00;torch.Size([2304]);12,00;0,00;85,19;85,67;93,96;89,25;90,17;95,40;75,36;87,86;nan;nan;nan;nan;nan;nan;nan
262,00;allmpnet;CLS+MAX+SUM-NS_LYR-11;CLS+MAX+SUM-NS;LYR-11;1,00;torch.Size([2304]);12,00;0,00;84,96;88,11;94,78;89,22;90,33;96,20;72,41;88,00;nan;nan;nan;nan;nan;nan;nan
263,00;allmpnet;CLS+MAX+MAX-NS_LYR-11;CLS+MAX+MAX-NS;LYR-11;1,00;torch.Size([2304]);12,00;0,00;83,74;83,71;92,17;88,04;89,07;93,40;70,96;85,87;nan;nan;nan;nan;nan;nan;nan
264,00;allmpnet;CLS_LYR-12;CLS;LYR-12;1,00;torch.Size([768]);12,00;0,00;83,05;82,60;91,24;87,42;87,26;84,00;72,58;84,02;nan;nan;nan;nan;nan;nan;nan
265,00;allmpnet;AVG_LYR-12;AVG;LYR-12;1,00;torch.Size([768]);12,00;0,00;84,34;82,15;92,49;88,08;88,63;90,00;72,93;85,52;nan;nan;nan;nan;nan;nan;nan
266,00;allmpnet;SUM_LYR-12;SUM;LYR-12;1,00;torch.Size([768]);12,00;0,00;84,06;86,36;93,70;88,41;88,36;94,40;70,20;86,50;nan;nan;nan;nan;nan;nan;nan
267,00;allmpnet;MAX_LYR-12;MAX;LYR-12;1,00;torch.Size([768]);12,00;0,00;83,79;80,10;91,39;87,64;89,24;84,60;74,14;84,41;nan;nan;nan;nan;nan;nan;nan
268,00;allmpnet;AVG-NS_LYR-12;AVG-NS;LYR-12;1,00;torch.Size([768]);12,00;0,00;84,14;81,99;92,58;87,80;89,02;90,20;72,87;85,51;nan;nan;nan;nan;nan;nan;nan
269,00;allmpnet;SUM-NS_LYR-12;SUM-NS;LYR-12;1,00;torch.Size([768]);12,00;0,00;84,06;85,59;93,94;88,30;88,36;94,60;70,14;86,43;nan;nan;nan;nan;nan;nan;nan
270,00;allmpnet;MAX-NS_LYR-12;MAX-NS;LYR-12;1,00;torch.Size([768]);12,00;0,00;83,83;80,16;91,42;87,87;89,07;85,80;74,09;84,61;nan;nan;nan;nan;nan;nan;nan
271,00;allmpnet;CLS+AVG_LYR-12;CLS+AVG;LYR-12;1,00;torch.Size([1536]);12,00;0,00;84,20;84,69;93,02;88,57;88,47;89,20;75,42;86,22;nan;nan;nan;nan;nan;nan;nan
272,00;allmpnet;CLS+SUM_LYR-12;CLS+SUM;LYR-12;1,00;torch.Size([1536]);12,00;0,00;84,48;87,10;93,85;88,83;89,29;94,40;71,07;87,00;nan;nan;nan;nan;nan;nan;nan
273,00;allmpnet;CLS+MAX_LYR-12;CLS+MAX;LYR-12;1,00;torch.Size([1536]);12,00;0,00;83,63;83,63;92,79;88,70;87,97;90,20;74,14;85,87;nan;nan;nan;nan;nan;nan;nan
274,00;allmpnet;CLS+AVG-NS_LYR-12;CLS+AVG-NS;LYR-12;1,00;torch.Size([1536]);12,00;0,00;84,23;84,72;92,94;88,61;88,52;91,60;75,25;86,55;nan;nan;nan;nan;nan;nan;nan
275,00;allmpnet;CLS+SUM-NS_LYR-12;CLS+SUM-NS;LYR-12;1,00;torch.Size([1536]);12,00;0,00;84,50;86,89;93,81;88,45;88,30;94,80;71,25;86,86;nan;nan;nan;nan;nan;nan;nan
276,00;allmpnet;CLS+MAX-NS_LYR-12;CLS+MAX-NS;LYR-12;1,00;torch.Size([1536]);12,00;0,00;83,63;83,68;92,86;88,65;87,97;89,00;74,03;85,69;nan;nan;nan;nan;nan;nan;nan
277,00;allmpnet;CLS+AVG+AVG-NS_LYR-12;CLS+AVG+AVG-NS;LYR-12;1,00;torch.Size([2304]);12,00;0,00;84,85;85,72;93,41;88,61;88,52;92,40;75,30;86,97;nan;nan;nan;nan;nan;nan;nan
278,00;allmpnet;CLS+AVG+SUM-NS_LYR-12;CLS+AVG+SUM-NS;LYR-12;1,00;torch.Size([2304]);12,00;0,00;84,35;86,65;93,96;88,71;88,41;94,40;71,07;86,79;nan;nan;nan;nan;nan;nan;nan
279,00;allmpnet;CLS+AVG+MAX-NS_LYR-12;CLS+AVG+MAX-NS;LYR-12;1,00;torch.Size([2304]);12,00;0,00;84,23;84,74;93,28;88,97;89,40;92,40;74,49;86,79;nan;nan;nan;nan;nan;nan;nan
280,00;allmpnet;CLS+SUM+AVG-NS_LYR-12;CLS+SUM+AVG-NS;LYR-12;1,00;torch.Size([2304]);12,00;0,00;84,64;86,97;93,85;88,81;88,52;94,20;69,62;86,66;nan;nan;nan;nan;nan;nan;nan
281,00;allmpnet;CLS+SUM+SUM-NS_LYR-12;CLS+SUM+SUM-NS;LYR-12;1,00;torch.Size([2304]);12,00;0,00;84,26;87,10;94,05;89,02;89,13;94,40;70,20;86,88;nan;nan;nan;nan;nan;nan;nan
282,00;allmpnet;CLS+SUM+MAX-NS_LYR-12;CLS+SUM+MAX-NS;LYR-12;1,00;torch.Size([2304]);12,00;0,00;84,45;87,21;93,99;88,74;89,79;93,80;69,28;86,75;nan;nan;nan;nan;nan;nan;nan
283,00;allmpnet;CLS+MAX+AVG-NS_LYR-12;CLS+MAX+AVG-NS;LYR-12;1,00;torch.Size([2304]);12,00;0,00;84,66;85,09;93,38;88,98;88,91;91,60;74,20;86,69;nan;nan;nan;nan;nan;nan;nan
284,00;allmpnet;CLS+MAX+SUM-NS_LYR-12;CLS+MAX+SUM-NS;LYR-12;1,00;torch.Size([2304]);12,00;0,00;84,32;86,12;94,02;89,06;88,08;94,80;71,30;86,81;nan;nan;nan;nan;nan;nan;nan
285,00;allmpnet;CLS+MAX+MAX-NS_LYR-12;CLS+MAX+MAX-NS;LYR-12;1,00;torch.Size([2304]);12,00;0,00;84,37;85,14;93,06;88,83;88,80;92,00;73,74;86,56;nan;nan;nan;nan;nan;nan;nan
286,00;allmpnet;CLS_SUML4L;CLS;SUML4L;1,00;torch.Size([768]);12,00;0,00;82,88;82,75;90,70;87,70;87,64;84,60;73,45;84,25;nan;nan;nan;nan;nan;nan;nan
287,00;allmpnet;AVG_SUML4L;AVG;SUML4L;1,00;torch.Size([768]);12,00;0,00;86,02;89,06;94,63;89,89;91,21;95,40;76,29;88,93;nan;nan;nan;nan;nan;nan;nan
288,00;allmpnet;SUM_SUML4L;SUM;SUML4L;1,00;torch.Size([768]);12,00;0,00;82,85;88,56;93,83;89,33;89,62;95,00;69,04;86,89;nan;nan;nan;nan;nan;nan;nan
289,00;allmpnet;MAX_SUML4L;MAX;SUML4L;1,00;torch.Size([768]);12,00;0,00;83,71;85,51;92,55;88,47;90,06;93,20;71,25;86,39;nan;nan;nan;nan;nan;nan;nan
290,00;allmpnet;AVG-NS_SUML4L;AVG-NS;SUML4L;1,00;torch.Size([768]);12,00;0,00;86,05;89,19;94,41;90,06;90,94;95,80;76,70;89,02;nan;nan;nan;nan;nan;nan;nan
291,00;allmpnet;SUM-NS_SUML4L;SUM-NS;SUML4L;1,00;torch.Size([768]);12,00;0,00;82,39;88,42;93,83;89,17;89,51;95,20;70,03;86,94;nan;nan;nan;nan;nan;nan;nan
292,00;allmpnet;MAX-NS_SUML4L;MAX-NS;SUML4L;1,00;torch.Size([768]);12,00;0,00;83,68;85,48;92,46;88,70;90,12;93,60;71,30;86,48;nan;nan;nan;nan;nan;nan;nan
293,00;allmpnet;CLS+AVG_SUML4L;CLS+AVG;SUML4L;1,00;torch.Size([1536]);12,00;0,00;85,94;88,58;94,71;90,00;91,10;96,40;76,35;89,01;nan;nan;nan;nan;nan;nan;nan
294,00;allmpnet;CLS+SUM_SUML4L;CLS+SUM;SUML4L;1,00;torch.Size([1536]);12,00;0,00;83,98;88,42;94,29;89,92;89,95;95,00;69,86;87,35;nan;nan;nan;nan;nan;nan;nan
295,00;allmpnet;CLS+MAX_SUML4L;CLS+MAX;SUML4L;1,00;torch.Size([1536]);12,00;0,00;84,66;85,96;93,64;89,77;90,83;95,60;74,26;87,82;nan;nan;nan;nan;nan;nan;nan
296,00;allmpnet;CLS+AVG-NS_SUML4L;CLS+AVG-NS;SUML4L;1,00;torch.Size([1536]);12,00;0,00;85,79;88,63;94,61;90,13;90,61;96,20;76,23;88,89;nan;nan;nan;nan;nan;nan;nan
297,00;allmpnet;CLS+SUM-NS_SUML4L;CLS+SUM-NS;SUML4L;1,00;torch.Size([1536]);12,00;0,00;84,20;88,79;94,32;89,81;90,06;95,00;69,45;87,38;nan;nan;nan;nan;nan;nan;nan
298,00;allmpnet;CLS+MAX-NS_SUML4L;CLS+MAX-NS;SUML4L;1,00;torch.Size([1536]);12,00;0,00;84,73;86,52;93,64;89,58;90,83;95,60;74,26;87,88;nan;nan;nan;nan;nan;nan;nan
299,00;allmpnet;CLS+AVG+AVG-NS_SUML4L;CLS+AVG+AVG-NS;SUML4L;1,00;torch.Size([2304]);12,00;0,00;86,26;89,14;95,10;90,44;90,77;95,80;76,23;89,11;nan;nan;nan;nan;nan;nan;nan
300,00;allmpnet;CLS+AVG+SUM-NS_SUML4L;CLS+AVG+SUM-NS;SUML4L;1,00;torch.Size([2304]);12,00;0,00;84,49;88,71;94,71;90,00;90,23;95,00;71,77;87,84;nan;nan;nan;nan;nan;nan;nan
301,00;allmpnet;CLS+AVG+MAX-NS_SUML4L;CLS+AVG+MAX-NS;SUML4L;1,00;torch.Size([2304]);12,00;0,00;85,22;88,34;94,83;89,77;90,94;95,60;73,28;88,28;nan;nan;nan;nan;nan;nan;nan
302,00;allmpnet;CLS+SUM+AVG-NS_SUML4L;CLS+SUM+AVG-NS;SUML4L;1,00;torch.Size([2304]);12,00;0,00;84,16;88,93;94,67;90,18;90,39;93,40;70,78;87,50;nan;nan;nan;nan;nan;nan;nan
303,00;allmpnet;CLS+SUM+SUM-NS_SUML4L;CLS+SUM+SUM-NS;SUML4L;1,00;torch.Size([2304]);12,00;0,00;83,27;86,91;94,45;89,96;90,23;94,40;68,64;86,84;nan;nan;nan;nan;nan;nan;nan
304,00;allmpnet;CLS+SUM+MAX-NS_SUML4L;CLS+SUM+MAX-NS;SUML4L;1,00;torch.Size([2304]);12,00;0,00;83,75;89,35;94,77;89,96;90,33;95,20;69,68;87,58;nan;nan;nan;nan;nan;nan;nan
305,00;allmpnet;CLS+MAX+AVG-NS_SUML4L;CLS+MAX+AVG-NS;SUML4L;1,00;torch.Size([2304]);12,00;0,00;85,86;89,41;94,29;90,26;90,44;95,40;74,20;88,55;nan;nan;nan;nan;nan;nan;nan
306,00;allmpnet;CLS+MAX+SUM-NS_SUML4L;CLS+MAX+SUM-NS;SUML4L;1,00;torch.Size([2304]);12,00;0,00;83,70;88,74;94,76;89,59;90,55;94,80;71,94;87,73;nan;nan;nan;nan;nan;nan;nan
307,00;allmpnet;CLS+MAX+MAX-NS_SUML4L;CLS+MAX+MAX-NS;SUML4L;1,00;torch.Size([2304]);12,00;0,00;84,44;85,25;93,14;89,63;89,51;96,20;70,09;86,89;nan;nan;nan;nan;nan;nan;nan
308,00;allmpnet;CLS_AVGL4L;CLS;AVGL4L;1,00;torch.Size([768]);12,00;0,00;82,05;66,22;90,02;79,90;86,93;81,20;66,49;78,97;nan;nan;nan;nan;nan;nan;nan
309,00;allmpnet;AVG_AVGL4L;AVG;AVGL4L;1,00;torch.Size([768]);12,00;0,00;84,89;85,77;93,70;88,33;90,61;93,80;74,61;87,39;nan;nan;nan;nan;nan;nan;nan
310,00;allmpnet;SUM_AVGL4L;SUM;AVGL4L;1,00;torch.Size([768]);12,00;0,00;85,22;90,22;94,58;89,62;90,01;95,60;71,36;88,09;nan;nan;nan;nan;nan;nan;nan
311,00;allmpnet;MAX_AVGL4L;MAX;AVGL4L;1,00;torch.Size([768]);12,00;0,00;84,09;83,60;92,66;88,20;90,12;88,40;72,00;85,58;nan;nan;nan;nan;nan;nan;nan
312,00;allmpnet;AVG-NS_AVGL4L;AVG-NS;AVGL4L;1,00;torch.Size([768]);12,00;0,00;84,79;86,38;93,69;89,05;90,55;92,40;73,57;87,20;nan;nan;nan;nan;nan;nan;nan
313,00;allmpnet;SUM-NS_AVGL4L;SUM-NS;AVGL4L;1,00;torch.Size([768]);12,00;0,00;85,27;90,17;94,56;89,42;90,88;96,20;70,61;88,16;nan;nan;nan;nan;nan;nan;nan
314,00;allmpnet;MAX-NS_AVGL4L;MAX-NS;AVGL4L;1,00;torch.Size([768]);12,00;0,00;84,07;83,63;92,76;88,14;90,33;88,00;72,29;85,60;nan;nan;nan;nan;nan;nan;nan
315,00;allmpnet;CLS+AVG_AVGL4L;CLS+AVG;AVGL4L;1,00;torch.Size([1536]);12,00;0,00;85,28;86,09;93,99;89,27;90,23;93,40;74,67;87,56;nan;nan;nan;nan;nan;nan;nan
316,00;allmpnet;CLS+SUM_AVGL4L;CLS+SUM;AVGL4L;1,00;torch.Size([1536]);12,00;0,00;85,58;89,88;95,01;89,60;90,83;96,00;70,61;88,22;nan;nan;nan;nan;nan;nan;nan
317,00;allmpnet;CLS+MAX_AVGL4L;CLS+MAX;AVGL4L;1,00;torch.Size([1536]);12,00;0,00;84,44;85,16;92,32;88,54;90,06;89,60;71,83;85,99;nan;nan;nan;nan;nan;nan;nan
318,00;allmpnet;CLS+AVG-NS_AVGL4L;CLS+AVG-NS;AVGL4L;1,00;torch.Size([1536]);12,00;0,00;85,20;85,83;94,12;89,37;90,33;93,60;74,84;87,61;nan;nan;nan;nan;nan;nan;nan
319,00;allmpnet;CLS+SUM-NS_AVGL4L;CLS+SUM-NS;AVGL4L;1,00;torch.Size([1536]);12,00;0,00;85,61;89,83;94,88;89,39;91,05;96,00;70,43;88,17;nan;nan;nan;nan;nan;nan;nan
320,00;allmpnet;CLS+MAX-NS_AVGL4L;CLS+MAX-NS;AVGL4L;1,00;torch.Size([1536]);12,00;0,00;84,47;85,35;92,31;88,61;90,06;89,60;71,88;86,04;nan;nan;nan;nan;nan;nan;nan
321,00;allmpnet;CLS+AVG+AVG-NS_AVGL4L;CLS+AVG+AVG-NS;AVGL4L;1,00;torch.Size([2304]);12,00;0,00;85,42;87,81;94,46;89,64;90,66;95,80;75,94;88,53;nan;nan;nan;nan;nan;nan;nan
322,00;allmpnet;CLS+AVG+SUM-NS_AVGL4L;CLS+AVG+SUM-NS;AVGL4L;1,00;torch.Size([2304]);12,00;0,00;85,51;89,93;95,14;90,06;91,27;95,60;73,28;88,68;nan;nan;nan;nan;nan;nan;nan
323,00;allmpnet;CLS+AVG+MAX-NS_AVGL4L;CLS+AVG+MAX-NS;AVGL4L;1,00;torch.Size([2304]);12,00;0,00;85,27;86,78;93,75;89,71;90,44;95,20;75,83;88,14;nan;nan;nan;nan;nan;nan;nan
324,00;allmpnet;CLS+SUM+AVG-NS_AVGL4L;CLS+SUM+AVG-NS;AVGL4L;1,00;torch.Size([2304]);12,00;0,00;85,75;89,91;95,15;89,98;90,28;96,20;71,19;88,35;nan;nan;nan;nan;nan;nan;nan
325,00;allmpnet;CLS+SUM+SUM-NS_AVGL4L;CLS+SUM+SUM-NS;AVGL4L;1,00;torch.Size([2304]);12,00;0,00;85,49;88,69;94,95;89,92;90,66;95,40;69,97;87,87;nan;nan;nan;nan;nan;nan;nan
326,00;allmpnet;CLS+SUM+MAX-NS_AVGL4L;CLS+SUM+MAX-NS;AVGL4L;1,00;torch.Size([2304]);12,00;0,00;85,69;90,06;94,87;89,85;91,54;96,20;72,29;88,64;nan;nan;nan;nan;nan;nan;nan
327,00;allmpnet;CLS+MAX+AVG-NS_AVGL4L;CLS+MAX+AVG-NS;AVGL4L;1,00;torch.Size([2304]);12,00;0,00;85,31;86,97;93,91;89,74;90,39;95,60;75,83;88,25;nan;nan;nan;nan;nan;nan;nan
328,00;allmpnet;CLS+MAX+SUM-NS_AVGL4L;CLS+MAX+SUM-NS;AVGL4L;1,00;torch.Size([2304]);12,00;0,00;85,53;90,15;95,17;90,08;91,49;95,00;72,99;88,63;nan;nan;nan;nan;nan;nan;nan
329,00;allmpnet;CLS+MAX+MAX-NS_AVGL4L;CLS+MAX+MAX-NS;AVGL4L;1,00;torch.Size([2304]);12,00;0,00;84,43;84,58;93,08;89,00;90,61;90,20;74,55;86,64;nan;nan;nan;nan;nan;nan;nan
330,00;allmpnet;CLS_SUMALL;CLS;SUMALL;1,00;torch.Size([768]);12,00;0,00;84,09;87,42;94,68;87,03;90,39;85,60;68,81;85,43;nan;nan;nan;nan;nan;nan;nan
331,00;allmpnet;AVG_SUMALL;AVG;SUMALL;1,00;torch.Size([768]);12,00;0,00;85,85;90,12;95,35;90,39;91,21;95,20;75,25;89,05;nan;nan;nan;nan;nan;nan;nan
332,00;allmpnet;SUM_SUMALL;SUM;SUMALL;1,00;torch.Size([768]);12,00;0,00;82,22;88,11;94,11;89,53;90,28;94,60;69,80;86,95;nan;nan;nan;nan;nan;nan;nan
333,00;allmpnet;MAX_SUMALL;MAX;SUMALL;1,00;torch.Size([768]);12,00;0,00;82,01;73,46;92,48;89,83;89,24;91,80;65,91;83,53;nan;nan;nan;nan;nan;nan;nan
334,00;allmpnet;AVG-NS_SUMALL;AVG-NS;SUMALL;1,00;torch.Size([768]);12,00;0,00;85,91;90,54;95,25;90,45;91,21;95,40;74,55;89,04;nan;nan;nan;nan;nan;nan;nan
335,00;allmpnet;SUM-NS_SUMALL;SUM-NS;SUMALL;1,00;torch.Size([768]);12,00;0,00;82,05;87,87;94,07;89,45;90,01;93,60;67,59;86,38;nan;nan;nan;nan;nan;nan;nan
336,00;allmpnet;MAX-NS_SUMALL;MAX-NS;SUMALL;1,00;torch.Size([768]);12,00;0,00;82,08;73,09;92,58;89,66;89,29;89,60;65,91;83,17;nan;nan;nan;nan;nan;nan;nan
337,00;allmpnet;CLS+AVG_SUMALL;CLS+AVG;SUMALL;1,00;torch.Size([1536]);12,00;0,00;86,64;90,31;95,68;90,86;91,43;96,00;66,49;88,20;nan;nan;nan;nan;nan;nan;nan
338,00;allmpnet;CLS+SUM_SUMALL;CLS+SUM;SUMALL;1,00;torch.Size([1536]);12,00;0,00;82,60;88,69;94,50;89,71;90,23;92,60;70,84;87,02;nan;nan;nan;nan;nan;nan;nan
339,00;allmpnet;CLS+MAX_SUMALL;CLS+MAX;SUMALL;1,00;torch.Size([1536]);12,00;0,00;84,07;87,34;94,98;89,93;91,32;93,60;57,10;85,48;nan;nan;nan;nan;nan;nan;nan
340,00;allmpnet;CLS+AVG-NS_SUMALL;CLS+AVG-NS;SUMALL;1,00;torch.Size([1536]);12,00;0,00;86,53;90,36;95,60;91,04;91,49;96,00;66,49;88,22;nan;nan;nan;nan;nan;nan;nan
341,00;allmpnet;CLS+SUM-NS_SUMALL;CLS+SUM-NS;SUMALL;1,00;torch.Size([1536]);12,00;0,00;83,24;88,50;94,57;90,24;90,55;92,80;67,94;86,83;nan;nan;nan;nan;nan;nan;nan
342,00;allmpnet;CLS+MAX-NS_SUMALL;CLS+MAX-NS;SUMALL;1,00;torch.Size([1536]);12,00;0,00;84,09;87,39;94,99;90,03;91,32;93,80;57,22;85,55;nan;nan;nan;nan;nan;nan;nan
343,00;allmpnet;CLS+AVG+AVG-NS_SUMALL;CLS+AVG+AVG-NS;SUMALL;1,00;torch.Size([2304]);12,00;0,00;86,65;90,68;95,92;90,98;91,98;95,80;73,10;89,30;nan;nan;nan;nan;nan;nan;nan
344,00;allmpnet;CLS+AVG+SUM-NS_SUMALL;CLS+AVG+SUM-NS;SUMALL;1,00;torch.Size([2304]);12,00;0,00;84,11;89,38;95,00;90,73;90,44;93,00;67,19;87,12;nan;nan;nan;nan;nan;nan;nan
345,00;allmpnet;CLS+AVG+MAX-NS_SUMALL;CLS+AVG+MAX-NS;SUMALL;1,00;torch.Size([2304]);12,00;0,00;85,56;89,99;95,56;90,53;91,76;95,40;72,41;88,74;nan;nan;nan;nan;nan;nan;nan
346,00;allmpnet;CLS+SUM+AVG-NS_SUMALL;CLS+SUM+AVG-NS;SUMALL;1,00;torch.Size([2304]);12,00;0,00;82,99;89,11;94,78;89,85;90,23;93,60;67,77;86,90;nan;nan;nan;nan;nan;nan;nan
347,00;allmpnet;CLS+SUM+SUM-NS_SUMALL;CLS+SUM+SUM-NS;SUMALL;1,00;torch.Size([2304]);12,00;0,00;83,41;90,07;94,78;89,57;89,24;92,20;67,30;86,65;nan;nan;nan;nan;nan;nan;nan
348,00;allmpnet;CLS+SUM+MAX-NS_SUMALL;CLS+SUM+MAX-NS;SUMALL;1,00;torch.Size([2304]);12,00;0,00;82,92;89,24;94,68;89,57;90,77;94,00;66,90;86,87;nan;nan;nan;nan;nan;nan;nan
349,00;allmpnet;CLS+MAX+AVG-NS_SUMALL;CLS+MAX+AVG-NS;SUMALL;1,00;torch.Size([2304]);12,00;0,00;85,45;89,25;95,36;90,85;91,93;95,20;68,93;88,14;nan;nan;nan;nan;nan;nan;nan
350,00;allmpnet;CLS+MAX+SUM-NS_SUMALL;CLS+MAX+SUM-NS;SUMALL;1,00;torch.Size([2304]);12,00;0,00;83,59;89,19;94,72;90,42;90,17;93,20;67,48;86,97;nan;nan;nan;nan;nan;nan;nan
351,00;allmpnet;CLS+MAX+MAX-NS_SUMALL;CLS+MAX+MAX-NS;SUMALL;1,00;torch.Size([2304]);12,00;0,00;83,54;87,68;94,81;89,99;91,16;93,40;64,35;86,42;nan;nan;nan;nan;nan;nan;nan
352,00;allmpnet;CLS_AVGALL;CLS;AVGALL;1,00;torch.Size([768]);12,00;0,00;80,92;63,66;91,42;68,77;89,40;54,40;66,49;73,58;nan;nan;nan;nan;nan;nan;nan
353,00;allmpnet;AVG_AVGALL;AVG;AVGALL;1,00;torch.Size([768]);12,00;0,00;83,94;86,97;93,96;90,19;91,32;89,80;66,49;86,10;nan;nan;nan;nan;nan;nan;nan
354,00;allmpnet;SUM_AVGALL;SUM;AVGALL;1,00;torch.Size([768]);12,00;0,00;85,61;90,20;95,31;90,79;90,88;95,60;68,99;88,20;nan;nan;nan;nan;nan;nan;nan
355,00;allmpnet;MAX_AVGALL;MAX;AVGALL;1,00;torch.Size([768]);12,00;0,00;82,29;78,57;92,56;89,37;89,35;81,00;70,38;83,36;nan;nan;nan;nan;nan;nan;nan
356,00;allmpnet;AVG-NS_AVGALL;AVG-NS;AVGALL;1,00;torch.Size([768]);12,00;0,00;83,73;86,30;93,46;90,06;90,50;91,80;66,49;86,05;nan;nan;nan;nan;nan;nan;nan
357,00;allmpnet;SUM-NS_AVGALL;SUM-NS;AVGALL;1,00;torch.Size([768]);12,00;0,00;85,59;90,15;95,42;90,61;90,72;95,80;70,49;88,40;nan;nan;nan;nan;nan;nan;nan
358,00;allmpnet;MAX-NS_AVGALL;MAX-NS;AVGALL;1,00;torch.Size([768]);12,00;0,00;82,52;79,18;92,61;89,34;89,40;81,00;70,32;83,48;nan;nan;nan;nan;nan;nan;nan
359,00;allmpnet;CLS+AVG_AVGALL;CLS+AVG;AVGALL;1,00;torch.Size([1536]);12,00;0,00;85,07;87,74;94,94;90,14;91,43;89,00;66,49;86,40;nan;nan;nan;nan;nan;nan;nan
360,00;allmpnet;CLS+SUM_AVGALL;CLS+SUM;AVGALL;1,00;torch.Size([1536]);12,00;0,00;86,35;90,86;95,73;90,28;91,05;95,60;71,65;88,79;nan;nan;nan;nan;nan;nan;nan
361,00;allmpnet;CLS+MAX_AVGALL;CLS+MAX;AVGALL;1,00;torch.Size([1536]);12,00;0,00;83,49;84,53;94,38;89,42;90,66;87,80;72,12;86,06;nan;nan;nan;nan;nan;nan;nan
362,00;allmpnet;CLS+AVG-NS_AVGALL;CLS+AVG-NS;AVGALL;1,00;torch.Size([1536]);12,00;0,00;85,35;88,34;94,94;90,24;91,76;92,60;66,49;87,10;nan;nan;nan;nan;nan;nan;nan
363,00;allmpnet;CLS+SUM-NS_AVGALL;CLS+SUM-NS;AVGALL;1,00;torch.Size([1536]);12,00;0,00;86,33;90,38;95,75;90,42;90,88;95,40;71,88;88,72;nan;nan;nan;nan;nan;nan;nan
364,00;allmpnet;CLS+MAX-NS_AVGALL;CLS+MAX-NS;AVGALL;1,00;torch.Size([1536]);12,00;0,00;83,57;85,03;94,30;89,52;91,10;87,60;71,07;86,03;nan;nan;nan;nan;nan;nan;nan
365,00;allmpnet;CLS+AVG+AVG-NS_AVGALL;CLS+AVG+AVG-NS;AVGALL;1,00;torch.Size([2304]);12,00;0,00;85,53;89,03;95,25;90,37;91,76;93,20;74,90;88,58;nan;nan;nan;nan;nan;nan;nan
366,00;allmpnet;CLS+AVG+SUM-NS_AVGALL;CLS+AVG+SUM-NS;AVGALL;1,00;torch.Size([2304]);12,00;0,00;86,54;90,17;95,80;90,93;91,05;95,20;71,88;88,80;nan;nan;nan;nan;nan;nan;nan
367,00;allmpnet;CLS+AVG+MAX-NS_AVGALL;CLS+AVG+MAX-NS;AVGALL;1,00;torch.Size([2304]);12,00;0,00;85,57;89,67;94,87;89,94;91,54;92,40;75,30;88,47;nan;nan;nan;nan;nan;nan;nan
368,00;allmpnet;CLS+SUM+AVG-NS_AVGALL;CLS+SUM+AVG-NS;AVGALL;1,00;torch.Size([2304]);12,00;0,00;86,51;90,49;95,96;90,68;91,05;95,80;72,23;88,96;nan;nan;nan;nan;nan;nan;nan
369,00;allmpnet;CLS+SUM+SUM-NS_AVGALL;CLS+SUM+SUM-NS;AVGALL;1,00;torch.Size([2304]);12,00;0,00;86,23;90,04;95,87;90,70;90,77;96,00;69,80;88,49;nan;nan;nan;nan;nan;nan;nan
370,00;allmpnet;CLS+SUM+MAX-NS_AVGALL;CLS+SUM+MAX-NS;AVGALL;1,00;torch.Size([2304]);12,00;0,00;86,51;90,76;95,58;90,66;91,54;95,60;72,00;88,95;nan;nan;nan;nan;nan;nan;nan
371,00;allmpnet;CLS+MAX+AVG-NS_AVGALL;CLS+MAX+AVG-NS;AVGALL;1,00;torch.Size([2304]);12,00;0,00;85,17;89,88;94,94;90,52;91,49;87,80;72,00;87,40;nan;nan;nan;nan;nan;nan;nan
372,00;allmpnet;CLS+MAX+SUM-NS_AVGALL;CLS+MAX+SUM-NS;AVGALL;1,00;torch.Size([2304]);12,00;0,00;86,31;89,59;95,71;90,21;91,27;96,00;70,38;88,50;nan;nan;nan;nan;nan;nan;nan
373,00;allmpnet;CLS+MAX+MAX-NS_AVGALL;CLS+MAX+MAX-NS;AVGALL;1,00;torch.Size([2304]);12,00;0,00;84,02;86,73;94,13;89,99;90,77;88,40;72,29;86,62;nan;nan;nan;nan;nan;nan;nan
nan;PromptEOL (Lllama2-7B);llm;nan;nan;nan;nan;not;decoder-only;90,63;92,87;96,32;91,19;95,00;95,40;75,19;nan;not;0,00;0,00;90,94;Token Prepending: A Training-Free Approach for Eliciting Better Sentence Embeddings from LLMs;https://arxiv.org/pdf/2412.11556;2024,00
nan;PromptEOL + TP (Ours) (Lllama2-7B);llm;nan;nan;nan;nan;not;decoder-only;90,90;93,35;96,58;91,51;95,50;96,00;76,12;nan;not;0,00;0,00;91,42;Token Prepending: A Training-Free Approach for Eliciting Better Sentence Embeddings from LLMs;https://arxiv.org/pdf/2412.11556;2024,00
nan;Pretended CoT (Lllama2-7B);llm;nan;nan;nan;nan;not;decoder-only;90,10;92,24;96,32;91,54;95,11;94,20;75,77;nan;not;0,00;0,00;90,75;Token Prepending: A Training-Free Approach for Eliciting Better Sentence Embeddings from LLMs;https://arxiv.org/pdf/2412.11556;2024,00
nan;Pretended CoT + TP (Ours) (Lllama2-7B);llm;nan;nan;nan;nan;not;decoder-only;90,45;92,61;96,52;91,59;95,77;96,00;76,81;nan;not;0,00;0,00;91,39;Token Prepending: A Training-Free Approach for Eliciting Better Sentence Embeddings from LLMs;https://arxiv.org/pdf/2412.11556;2024,00
nan;Knowledge (Lllama2-7B);llm;nan;nan;nan;nan;not;decoder-only;89,84;93,03;96,21;91,54;94,78;97,20;73,91;nan;not;0,00;0,00;90,93;Token Prepending: A Training-Free Approach for Eliciting Better Sentence Embeddings from LLMs;https://arxiv.org/pdf/2412.11556;2024,00
nan;Knowledge + TP (Ours) (Lllama2-7B);llm;nan;nan;nan;nan;not;decoder-only;90,39;93,32;96,31;91,56;94,51;97,60;76,06;nan;not;0,00;0,00;91,39;Token Prepending: A Training-Free Approach for Eliciting Better Sentence Embeddings from LLMs;https://arxiv.org/pdf/2412.11556;2024,00
nan;CLTC-RoBERTa=Large;nan;nan;nan;nan;nan;24;nan;88,22;92,54;95,14;90,12;92,57;91,99;77,27;nan;5;0,00;0,00;89,69;Contrastive Learning with Transformer Initialization and Clustering Prior for Text Representation;https://pdf.sciencedirectassets.com/272229/1-s2.0-S1568494624X00150/1-s2.0-S1568494624009360/main.pdf?X-Amz-Security-Token=IQoJb3JpZ2luX2VjEHYaCXVzLWVhc3QtMSJGMEQCIEt6YbTt65ukKfTD3bu0kD705kuMYotz8gH0y7JjH8PJAiAEr557NOLDnxNIr7FcHO9eFgXM99FsYPWXZ07TG7bc5yqzBQhfEAUaDDA1OTAwMzU0Njg2NSIMDxZIcdb6ZQ%2FZeUVkKpAF8MiOfNC9fUorVMiLkFp5l7ZbqlXZiS%2BFLNIV8TA0Hw%2FezqUgN1LqtHhjjrOZcARLECIAVv8LKA955vX%2BMSRK564pOJSF6%2FNkQOSEpiODriMyex2RUubgBahKySP%2BOKrBkZWrIm7cRqVBArRPrjgUJNZiOrzdjyxzs6hIfF3PApo8egsTnEvwIGZdfVHvOGgFZFnovHjMGXn%2BI%2FR8rnpxDXt7yk2V7OncGyRt%2F5lY%2F02yAO%2F1%2FqT5JGT5abPaw3NzUUTIBi9IXH5G4%2FFc2XyjvZaXS%2BpuF9EBC90xtWNssoOda%2FbNDjDp8m6jfGDv%2B3bwlKDHO4WS8zBv9JOpVEI9nsb3OuUjsKs%2BzVN1kxdcx6koalu2N81BXL6YATMbJ6LldHsxxIbwPN9Tpg8Tyxl0GCSRI12KZaUlaglbMg1lbnzUmaC4OXz3vPwModQvO0RSHaYblAOeyEkJXQpwNWdvXePBmqzmn5VnvOjkQmg7iOMPMWx9IklvvLg%2FtPcFqBFxTnS83NmlLUjnrZlcWQbR9sT9hWCm343bzs4fYqychxpcipDO2%2BYnX4S22lqCnB2bafcV9G9dd0SIQp0eHiHoMsDulmh%2F2LwaI4wI1kypZX7uARysVCx%2BjTLxcpX157ZnNtK601Dh%2BxH6IEimg2HgfkzHebxHubblBJf%2FaAy78tE41BaQP0KV1TRxDwuLfCkeqsfySigjx0u1hwYwT7J1p8oPyHTWsI%2Bj9s083MLd9y7mF6hRfQcVWJus%2BPiZ3F5s82OYNCvzgYYEiEj8MZJvVGVolqYX7fm60kHzoE1v7MODTSxctuWn2uS%2Bq5zvX1T2aJPm0%2BVW5ZUy4dlZNpiIJh%2FU1AHU75wfHjCdQINPMl0w1db0uwY6sgHbneRk1rzfYHRZEcTXvk6r0WEH1D7vicj8DUliYsMz0KiXCjctd8NBTt3QKWXuRg8ezpsjNnpaTc2rdPRBOFbBGZiC9C27fPQfFX3bIQOtHg22S1OlS7xnXzl8L2zLDjGWpQ2rQLxZlKvTKOetrCJ0bAmaUQZ%2F1SOddJy82PQQGkXuGuv8BGcX8haCOdN%2F7KFhvLq259B4IMDFV%2FFtDdTZ%2FDQx1HDeckxR2b1zo8Ua9oYc&X-Amz-Algorithm=AWS4-HMAC-SHA256&X-Amz-Date=20250107T144844Z&X-Amz-SignedHeaders=host&X-Amz-Expires=300&X-Amz-Credential=ASIAQ3PHCVTY4XBHDU5E%2F20250107%2Fus-east-1%2Fs3%2Faws4_request&X-Amz-Signature=edbb9cc3d813369400ff81cf591617d36a2787afdd3f1d062323cb75e99a6b6c&hash=a2bd9cf96d3f2baca4513b6ba642468ef90722c23b27e7d838f6c66226b25901&host=68042c943591013ac2b2430a89b270f6af2c76d8dfd086a07176afe7c76c2c61&pii=S1568494624009360&tid=spdf-e9c0dabd-56d1-4ed8-8469-ed407edb6140&sid=ccaa471015b9c34b2c9a85b4f70dd3a96a3agxrqa&type=client&tsoh=d3d3LnNjaWVuY2VkaXJlY3QuY29t&ua=04125e0203560c555202&rr=8fe4c01a9abe6d42&cc=br;nan
nan;CLTC-RoBERTa=Large;nan;nan;nan;nan;nan;24;nan;81,83;88,92;93,52;89,88;88,94;92,36;76,47;nan;1;0,00;0,00;87,42;Contrastive Learning with Transformer Initialization and Clustering Prior for Text Representation;https://pdf.sciencedirectassets.com/272229/1-s2.0-S1568494624X00150/1-s2.0-S1568494624009360/main.pdf?X-Amz-Security-Token=IQoJb3JpZ2luX2VjEHYaCXVzLWVhc3QtMSJGMEQCIEt6YbTt65ukKfTD3bu0kD705kuMYotz8gH0y7JjH8PJAiAEr557NOLDnxNIr7FcHO9eFgXM99FsYPWXZ07TG7bc5yqzBQhfEAUaDDA1OTAwMzU0Njg2NSIMDxZIcdb6ZQ%2FZeUVkKpAF8MiOfNC9fUorVMiLkFp5l7ZbqlXZiS%2BFLNIV8TA0Hw%2FezqUgN1LqtHhjjrOZcARLECIAVv8LKA955vX%2BMSRK564pOJSF6%2FNkQOSEpiODriMyex2RUubgBahKySP%2BOKrBkZWrIm7cRqVBArRPrjgUJNZiOrzdjyxzs6hIfF3PApo8egsTnEvwIGZdfVHvOGgFZFnovHjMGXn%2BI%2FR8rnpxDXt7yk2V7OncGyRt%2F5lY%2F02yAO%2F1%2FqT5JGT5abPaw3NzUUTIBi9IXH5G4%2FFc2XyjvZaXS%2BpuF9EBC90xtWNssoOda%2FbNDjDp8m6jfGDv%2B3bwlKDHO4WS8zBv9JOpVEI9nsb3OuUjsKs%2BzVN1kxdcx6koalu2N81BXL6YATMbJ6LldHsxxIbwPN9Tpg8Tyxl0GCSRI12KZaUlaglbMg1lbnzUmaC4OXz3vPwModQvO0RSHaYblAOeyEkJXQpwNWdvXePBmqzmn5VnvOjkQmg7iOMPMWx9IklvvLg%2FtPcFqBFxTnS83NmlLUjnrZlcWQbR9sT9hWCm343bzs4fYqychxpcipDO2%2BYnX4S22lqCnB2bafcV9G9dd0SIQp0eHiHoMsDulmh%2F2LwaI4wI1kypZX7uARysVCx%2BjTLxcpX157ZnNtK601Dh%2BxH6IEimg2HgfkzHebxHubblBJf%2FaAy78tE41BaQP0KV1TRxDwuLfCkeqsfySigjx0u1hwYwT7J1p8oPyHTWsI%2Bj9s083MLd9y7mF6hRfQcVWJus%2BPiZ3F5s82OYNCvzgYYEiEj8MZJvVGVolqYX7fm60kHzoE1v7MODTSxctuWn2uS%2Bq5zvX1T2aJPm0%2BVW5ZUy4dlZNpiIJh%2FU1AHU75wfHjCdQINPMl0w1db0uwY6sgHbneRk1rzfYHRZEcTXvk6r0WEH1D7vicj8DUliYsMz0KiXCjctd8NBTt3QKWXuRg8ezpsjNnpaTc2rdPRBOFbBGZiC9C27fPQfFX3bIQOtHg22S1OlS7xnXzl8L2zLDjGWpQ2rQLxZlKvTKOetrCJ0bAmaUQZ%2F1SOddJy82PQQGkXuGuv8BGcX8haCOdN%2F7KFhvLq259B4IMDFV%2FFtDdTZ%2FDQx1HDeckxR2b1zo8Ua9oYc&X-Amz-Algorithm=AWS4-HMAC-SHA256&X-Amz-Date=20250107T144844Z&X-Amz-SignedHeaders=host&X-Amz-Expires=300&X-Amz-Credential=ASIAQ3PHCVTY4XBHDU5E%2F20250107%2Fus-east-1%2Fs3%2Faws4_request&X-Amz-Signature=edbb9cc3d813369400ff81cf591617d36a2787afdd3f1d062323cb75e99a6b6c&hash=a2bd9cf96d3f2baca4513b6ba642468ef90722c23b27e7d838f6c66226b25901&host=68042c943591013ac2b2430a89b270f6af2c76d8dfd086a07176afe7c76c2c61&pii=S1568494624009360&tid=spdf-e9c0dabd-56d1-4ed8-8469-ed407edb6140&sid=ccaa471015b9c34b2c9a85b4f70dd3a96a3agxrqa&type=client&tsoh=d3d3LnNjaWVuY2VkaXJlY3QuY29t&ua=04125e0203560c555202&rr=8fe4c01a9abe6d42&cc=br;nan
nan;HNCSE-PM (bert-large);cls;nan;nan;nan;nan;24;encoder-only;84,91;89,32;95,00;90,02;89,68;86,85;75,49;nan;1;0,00;0,00;87,32;HNCSE: Advancing Sentence Embeddings via Hybrid Contrastive Learning with Hard Negatives;https://arxiv.org/pdf/2411.12156;2024,00
nan;HNCSE-HNM (bert-large);cls;nan;nan;nan;nan;24;encoder-only;85,89;90,57;96,06;89,91;89,91;85,91;76,47;nan;1;0,00;0,00;87,82;HNCSE: Advancing Sentence Embeddings via Hybrid Contrastive Learning with Hard Negatives;https://arxiv.org/pdf/2411.12156;2024,00
nan;WordFS-P-woP-150D;mean;nan;nan;nan;nan;1;w2v;73,09;74,86;89,86;86,24;76,22;65,40;71,01;nan;1;0,00;0,00;76,67;Efficient Feature Selection for Word Embedding Dimension Reduction;http://www.apsipa2024.org/files/papers/82.pdf;2024,00
nan;WordFS-P-wP-150D;mean;nan;nan;nan;nan;1;w2v;74,03;76,00;89,20;86,24;76,50;65,20;70,38;nan;1;0,00;0,00;76,69;Efficient Feature Selection for Word Embedding Dimension Reduction;http://www.apsipa2024.org/files/papers/82.pdf;2024,00
nan;WordFS-P-woP-100D;mean;nan;nan;nan;nan;1;w2v;72,24;73,96;88,62;85,26;73,97;62,00;71,42;nan;1;0,00;0,00;75,35;Efficient Feature Selection for Word Embedding Dimension Reduction;http://www.apsipa2024.org/files/papers/82.pdf;2024,00
nan;WordFS-P-wP-100D;mean;nan;nan;nan;nan;1;w2v;72,68;75,42;88,25;85,50;76,94;64,40;71,59;nan;1;0,00;0,00;76,40;Efficient Feature Selection for Word Embedding Dimension Reduction;http://www.apsipa2024.org/files/papers/82.pdf;2024,00
nan;WordFS-P-woP-50D;mean;nan;nan;nan;nan;1;w2v;68,54;70,54;85,51;81,35;69,85;56,20;71,65;nan;1;0,00;0,00;71,95;Efficient Feature Selection for Word Embedding Dimension Reduction;http://www.apsipa2024.org/files/papers/82.pdf;2024,00
nan;WordFS-P-wP-50D;mean;nan;nan;nan;nan;1;w2v;69,96;71,05;84,25;83,29;72,10;56,60;71,30;nan;1;0,00;0,00;72,65;Efficient Feature Selection for Word Embedding Dimension Reduction;http://www.apsipa2024.org/files/papers/82.pdf;2024,00
