Unnamed: 0,Modelo,Pooling,AGG,LAYER,Epochs,out_vec_size,qtd_layers,Nhid,MR,CR,SUBJ,MPQA,SST2,TREC,MRPC,Avg,epochs,SST5,Avg_with_SST5,Avg_without_SST5,paper_name,paper_link,year
0.0,allmini6,CLS_LYR-4,CLS,LYR-4,1.0,torch.Size([384]),6,0,60.34,63.76,78.0,68.77,63.43,21.0,66.49,60.25571428571429,,,,,,,
1.0,allmini6,AVG_LYR-4,AVG,LYR-4,1.0,torch.Size([384]),6,0,75.82,82.54,91.54,86.07,82.26,85.2,72.7,82.30428571428571,,,,,,,
2.0,allmini6,SUM_LYR-4,SUM,LYR-4,1.0,torch.Size([384]),6,0,74.67,80.69,91.48,86.84,81.55,91.4,69.22,82.26428571428573,,,,,,,
3.0,allmini6,MAX_LYR-4,MAX,LYR-4,1.0,torch.Size([384]),6,0,72.28,78.12,89.4,85.89,80.18,82.8,67.94,79.51571428571428,,,,,,,
4.0,allmini6,AVG-NS_LYR-4,AVG-NS,LYR-4,1.0,torch.Size([384]),6,0,75.89,82.6,91.51,86.08,82.98,85.4,72.64,82.44285714285715,,,,,,,
5.0,allmini6,SUM-NS_LYR-4,SUM-NS,LYR-4,1.0,torch.Size([384]),6,0,74.93,80.85,91.47,86.77,82.32,91.6,64.87,81.83,,,,,,,
6.0,allmini6,MAX-NS_LYR-4,MAX-NS,LYR-4,1.0,torch.Size([384]),6,0,72.34,76.98,89.09,85.45,79.9,83.2,72.23,79.88428571428571,,,,,,,
7.0,allmini6,CLS+AVG_LYR-4,CLS+AVG,LYR-4,1.0,torch.Size([768]),6,0,75.94,82.81,91.25,86.14,83.31,87.2,75.01,83.0942857142857,,,,,,,
8.0,allmini6,CLS+SUM_LYR-4,CLS+SUM,LYR-4,1.0,torch.Size([768]),6,0,75.42,83.42,92.56,87.02,82.15,93.8,66.55,82.98857142857142,,,,,,,
9.0,allmini6,CLS+MAX_LYR-4,CLS+MAX,LYR-4,1.0,torch.Size([768]),6,0,71.76,77.88,89.38,85.9,80.29,85.8,71.59,80.37142857142858,,,,,,,
10.0,allmini6,CLS+AVG-NS_LYR-4,CLS+AVG-NS,LYR-4,1.0,torch.Size([768]),6,0,76.02,82.78,91.21,86.39,82.98,87.0,75.13,83.07285714285715,,,,,,,
11.0,allmini6,CLS+SUM-NS_LYR-4,CLS+SUM-NS,LYR-4,1.0,torch.Size([768]),6,0,75.15,82.28,92.59,87.31,82.26,92.8,67.71,82.87142857142858,,,,,,,
12.0,allmini6,CLS+MAX-NS_LYR-4,CLS+MAX-NS,LYR-4,1.0,torch.Size([768]),6,0,72.86,77.8,89.59,86.34,79.9,84.6,72.75,80.54857142857144,,,,,,,
13.0,allmini6,CLS+AVG+AVG-NS_LYR-4,CLS+AVG+AVG-NS,LYR-4,1.0,torch.Size([1152]),6,0,76.09,83.42,91.98,87.41,82.1,90.4,74.9,83.75714285714285,,,,,,,
14.0,allmini6,CLS+AVG+SUM-NS_LYR-4,CLS+AVG+SUM-NS,LYR-4,1.0,torch.Size([1152]),6,0,75.86,83.07,92.61,87.36,82.7,92.4,65.45,82.77857142857144,,,,,,,
15.0,allmini6,CLS+AVG+MAX-NS_LYR-4,CLS+AVG+MAX-NS,LYR-4,1.0,torch.Size([1152]),6,0,75.32,82.15,91.37,87.43,83.09,92.2,72.87,83.49000000000001,,,,,,,
16.0,allmini6,CLS+SUM+AVG-NS_LYR-4,CLS+SUM+AVG-NS,LYR-4,1.0,torch.Size([1152]),6,0,75.57,83.44,92.65,87.33,83.03,93.0,68.99,83.42999999999999,,,,,,,
17.0,allmini6,CLS+SUM+SUM-NS_LYR-4,CLS+SUM+SUM-NS,LYR-4,1.0,torch.Size([1152]),6,0,75.13,82.89,92.51,86.96,82.76,92.2,67.36,82.83,,,,,,,
18.0,allmini6,CLS+SUM+MAX-NS_LYR-4,CLS+SUM+MAX-NS,LYR-4,1.0,torch.Size([1152]),6,0,74.56,82.97,92.18,87.41,82.81,93.0,68.81,83.10571428571428,,,,,,,
19.0,allmini6,CLS+MAX+AVG-NS_LYR-4,CLS+MAX+AVG-NS,LYR-4,1.0,torch.Size([1152]),6,0,75.93,82.84,91.63,87.51,82.65,91.8,73.16,83.64571428571428,,,,,,,
20.0,allmini6,CLS+MAX+SUM-NS_LYR-4,CLS+MAX+SUM-NS,LYR-4,1.0,torch.Size([1152]),6,0,75.85,83.23,92.4,87.1,82.87,93.2,62.14,82.39857142857143,,,,,,,
21.0,allmini6,CLS+MAX+MAX-NS_LYR-4,CLS+MAX+MAX-NS,LYR-4,1.0,torch.Size([1152]),6,0,73.36,78.12,89.8,86.08,80.01,90.2,70.84,81.20142857142856,,,,,,,
22.0,allmini6,CLS_LYR-5,CLS,LYR-5,1.0,torch.Size([384]),6,0,63.82,63.76,81.94,68.77,71.11,45.0,66.49,65.84142857142857,,,,,,,
23.0,allmini6,AVG_LYR-5,AVG,LYR-5,1.0,torch.Size([384]),6,0,75.5,78.65,90.98,86.88,81.38,84.6,72.12,81.44428571428571,,,,,,,
24.0,allmini6,SUM_LYR-5,SUM,LYR-5,1.0,torch.Size([384]),6,0,75.59,78.01,92.04,86.69,81.93,90.8,66.43,81.64142857142858,,,,,,,
25.0,allmini6,MAX_LYR-5,MAX,LYR-5,1.0,torch.Size([384]),6,0,73.23,75.5,88.87,86.12,80.45,77.0,69.97,78.73428571428572,,,,,,,
26.0,allmini6,AVG-NS_LYR-5,AVG-NS,LYR-5,1.0,torch.Size([384]),6,0,75.5,79.55,90.89,86.8,81.55,87.6,72.17,82.00857142857141,,,,,,,
27.0,allmini6,SUM-NS_LYR-5,SUM-NS,LYR-5,1.0,torch.Size([384]),6,0,74.72,78.07,91.95,86.84,81.93,91.4,66.38,81.61285714285715,,,,,,,
28.0,allmini6,MAX-NS_LYR-5,MAX-NS,LYR-5,1.0,torch.Size([384]),6,0,72.86,76.03,88.69,86.74,77.87,77.8,71.07,78.72285714285714,,,,,,,
29.0,allmini6,CLS+AVG_LYR-5,CLS+AVG,LYR-5,1.0,torch.Size([768]),6,0,75.57,80.45,90.57,86.52,82.65,85.4,73.45,82.08714285714287,,,,,,,
30.0,allmini6,CLS+SUM_LYR-5,CLS+SUM,LYR-5,1.0,torch.Size([768]),6,0,75.63,82.57,92.36,86.52,82.1,91.8,64.99,82.28142857142856,,,,,,,
31.0,allmini6,CLS+MAX_LYR-5,CLS+MAX,LYR-5,1.0,torch.Size([768]),6,0,72.36,76.56,89.22,86.13,79.41,81.8,72.23,79.67285714285713,,,,,,,
32.0,allmini6,CLS+AVG-NS_LYR-5,CLS+AVG-NS,LYR-5,1.0,torch.Size([768]),6,0,75.57,80.48,91.0,86.83,82.76,85.2,73.74,82.22571428571428,,,,,,,
33.0,allmini6,CLS+SUM-NS_LYR-5,CLS+SUM-NS,LYR-5,1.0,torch.Size([768]),6,0,75.46,82.01,92.24,86.53,82.15,92.2,63.13,81.96000000000001,,,,,,,
34.0,allmini6,CLS+MAX-NS_LYR-5,CLS+MAX-NS,LYR-5,1.0,torch.Size([768]),6,0,72.58,78.44,89.19,86.5,79.63,78.8,72.52,79.66571428571429,,,,,,,
35.0,allmini6,CLS+AVG+AVG-NS_LYR-5,CLS+AVG+AVG-NS,LYR-5,1.0,torch.Size([1152]),6,0,76.36,82.36,91.93,87.3,82.92,90.2,73.1,83.45285714285714,,,,,,,
36.0,allmini6,CLS+AVG+SUM-NS_LYR-5,CLS+AVG+SUM-NS,LYR-5,1.0,torch.Size([1152]),6,0,76.44,82.33,92.53,87.39,82.48,92.0,69.91,83.29714285714286,,,,,,,
37.0,allmini6,CLS+AVG+MAX-NS_LYR-5,CLS+AVG+MAX-NS,LYR-5,1.0,torch.Size([1152]),6,0,75.65,80.11,91.35,87.72,82.59,89.6,72.46,82.78285714285714,,,,,,,
38.0,allmini6,CLS+SUM+AVG-NS_LYR-5,CLS+SUM+AVG-NS,LYR-5,1.0,torch.Size([1152]),6,0,76.02,81.17,92.53,87.59,81.33,91.6,69.51,82.82142857142857,,,,,,,
39.0,allmini6,CLS+SUM+SUM-NS_LYR-5,CLS+SUM+SUM-NS,LYR-5,1.0,torch.Size([1152]),6,0,75.92,82.06,92.53,87.02,81.71,92.2,69.16,82.94285714285715,,,,,,,
40.0,allmini6,CLS+SUM+MAX-NS_LYR-5,CLS+SUM+MAX-NS,LYR-5,1.0,torch.Size([1152]),6,0,75.48,81.54,92.12,87.36,82.15,92.0,63.88,82.07571428571428,,,,,,,
41.0,allmini6,CLS+MAX+AVG-NS_LYR-5,CLS+MAX+AVG-NS,LYR-5,1.0,torch.Size([1152]),6,0,75.9,81.11,91.5,87.82,82.15,89.0,72.75,82.89,,,,,,,
42.0,allmini6,CLS+MAX+SUM-NS_LYR-5,CLS+MAX+SUM-NS,LYR-5,1.0,torch.Size([1152]),6,0,76.43,81.14,92.45,87.46,82.43,92.2,71.71,83.40285714285714,,,,,,,
43.0,allmini6,CLS+MAX+MAX-NS_LYR-5,CLS+MAX+MAX-NS,LYR-5,1.0,torch.Size([1152]),6,0,73.47,78.28,89.78,86.75,80.56,85.2,72.7,80.96285714285715,,,,,,,
44.0,allmini6,CLS_LYR-6,CLS,LYR-6,1.0,torch.Size([384]),6,0,69.6,72.35,85.98,84.05,77.16,61.6,69.68,74.3457142857143,,,,,,,
45.0,allmini6,AVG_LYR-6,AVG,LYR-6,1.0,torch.Size([384]),6,0,74.59,76.87,90.53,87.04,81.49,85.6,71.42,81.07714285714285,,,,,,,
46.0,allmini6,SUM_LYR-6,SUM,LYR-6,1.0,torch.Size([384]),6,0,75.18,78.52,90.68,86.77,81.93,87.2,69.62,81.41428571428571,,,,,,,
47.0,allmini6,MAX_LYR-6,MAX,LYR-6,1.0,torch.Size([384]),6,0,71.11,74.52,86.89,85.6,77.65,81.2,70.49,78.20857142857142,,,,,,,
48.0,allmini6,AVG-NS_LYR-6,AVG-NS,LYR-6,1.0,torch.Size([384]),6,0,75.06,78.09,90.6,87.22,81.38,88.0,72.12,81.78142857142858,,,,,,,
49.0,allmini6,SUM-NS_LYR-6,SUM-NS,LYR-6,1.0,torch.Size([384]),6,0,75.37,78.7,90.77,86.67,82.15,87.8,64.06,80.78857142857143,,,,,,,
50.0,allmini6,MAX-NS_LYR-6,MAX-NS,LYR-6,1.0,torch.Size([384]),6,0,71.11,73.62,87.03,85.93,77.27,82.2,71.07,78.31857142857143,,,,,,,
51.0,allmini6,CLS+AVG_LYR-6,CLS+AVG,LYR-6,1.0,torch.Size([768]),6,0,74.82,78.52,90.57,87.4,81.93,87.6,71.13,81.71,,,,,,,
52.0,allmini6,CLS+SUM_LYR-6,CLS+SUM,LYR-6,1.0,torch.Size([768]),6,0,75.88,80.4,91.38,86.27,81.88,88.2,66.26,81.46714285714286,,,,,,,
53.0,allmini6,CLS+MAX_LYR-6,CLS+MAX,LYR-6,1.0,torch.Size([768]),6,0,72.19,76.66,88.58,86.92,78.69,84.0,73.45,80.07000000000001,,,,,,,
54.0,allmini6,CLS+AVG-NS_LYR-6,CLS+AVG-NS,LYR-6,1.0,torch.Size([768]),6,0,74.66,78.94,90.79,87.53,81.77,88.6,71.3,81.94142857142856,,,,,,,
55.0,allmini6,CLS+SUM-NS_LYR-6,CLS+SUM-NS,LYR-6,1.0,torch.Size([768]),6,0,76.06,81.03,91.74,86.93,81.71,89.4,66.9,81.96714285714286,,,,,,,
56.0,allmini6,CLS+MAX-NS_LYR-6,CLS+MAX-NS,LYR-6,1.0,torch.Size([768]),6,0,71.92,77.03,88.58,87.32,78.86,83.8,71.01,79.78857142857143,,,,,,,
57.0,allmini6,CLS+AVG+AVG-NS_LYR-6,CLS+AVG+AVG-NS,LYR-6,1.0,torch.Size([1152]),6,0,75.6,81.27,91.33,87.58,82.32,90.0,69.62,82.53142857142858,,,,,,,
58.0,allmini6,CLS+AVG+SUM-NS_LYR-6,CLS+AVG+SUM-NS,LYR-6,1.0,torch.Size([1152]),6,0,75.6,81.88,91.65,87.2,82.76,90.0,66.2,82.1842857142857,,,,,,,
59.0,allmini6,CLS+AVG+MAX-NS_LYR-6,CLS+AVG+MAX-NS,LYR-6,1.0,torch.Size([1152]),6,0,75.04,80.37,90.88,87.82,81.0,89.0,71.48,82.22714285714287,,,,,,,
60.0,allmini6,CLS+SUM+AVG-NS_LYR-6,CLS+SUM+AVG-NS,LYR-6,1.0,torch.Size([1152]),6,0,75.65,81.46,91.41,87.07,81.33,88.8,65.74,81.63714285714286,,,,,,,
61.0,allmini6,CLS+SUM+SUM-NS_LYR-6,CLS+SUM+SUM-NS,LYR-6,1.0,torch.Size([1152]),6,0,75.38,81.32,91.74,86.69,81.77,88.4,68.46,81.96571428571428,,,,,,,
62.0,allmini6,CLS+SUM+MAX-NS_LYR-6,CLS+SUM+MAX-NS,LYR-6,1.0,torch.Size([1152]),6,0,75.56,81.75,91.42,87.31,81.99,91.0,66.2,82.17571428571429,,,,,,,
63.0,allmini6,CLS+MAX+AVG-NS_LYR-6,CLS+MAX+AVG-NS,LYR-6,1.0,torch.Size([1152]),6,0,74.96,79.87,90.91,87.48,81.05,89.0,72.99,82.32285714285715,,,,,,,
64.0,allmini6,CLS+MAX+SUM-NS_LYR-6,CLS+MAX+SUM-NS,LYR-6,1.0,torch.Size([1152]),6,0,75.56,81.99,91.54,87.27,81.77,90.6,65.91,82.09142857142857,,,,,,,
65.0,allmini6,CLS+MAX+MAX-NS_LYR-6,CLS+MAX+MAX-NS,LYR-6,1.0,torch.Size([1152]),6,0,72.21,77.32,89.5,87.12,78.64,86.6,72.06,80.49285714285715,,,,,,,
66.0,allmini6,CLS_SUML4L,CLS,SUML4L,1.0,torch.Size([384]),6,0,68.71,71.26,85.23,82.86,77.38,63.2,66.96,73.65714285714286,,,,,,,
67.0,allmini6,AVG_SUML4L,AVG,SUML4L,1.0,torch.Size([384]),6,0,76.9,82.3,92.37,87.42,81.93,89.6,74.32,83.54857142857142,,,,,,,
68.0,allmini6,SUM_SUML4L,SUM,SUML4L,1.0,torch.Size([384]),6,0,72.03,79.15,90.41,85.92,81.27,88.2,65.74,80.38857142857141,,,,,,,
69.0,allmini6,MAX_SUML4L,MAX,SUML4L,1.0,torch.Size([384]),6,0,71.97,74.46,89.22,86.82,79.85,87.2,63.01,78.93285714285716,,,,,,,
70.0,allmini6,AVG-NS_SUML4L,AVG-NS,SUML4L,1.0,torch.Size([384]),6,0,76.52,82.86,92.42,87.49,81.99,90.6,74.2,83.72571428571429,,,,,,,
71.0,allmini6,SUM-NS_SUML4L,SUM-NS,SUML4L,1.0,torch.Size([384]),6,0,72.04,79.18,90.16,86.16,80.51,88.6,65.68,80.33285714285714,,,,,,,
72.0,allmini6,MAX-NS_SUML4L,MAX-NS,SUML4L,1.0,torch.Size([384]),6,0,71.4,74.2,89.5,86.87,79.41,85.4,65.86,78.94857142857143,,,,,,,
73.0,allmini6,CLS+AVG_SUML4L,CLS+AVG,SUML4L,1.0,torch.Size([768]),6,0,75.96,82.12,92.68,87.39,83.31,91.0,73.68,83.73428571428573,,,,,,,
74.0,allmini6,CLS+SUM_SUML4L,CLS+SUM,SUML4L,1.0,torch.Size([768]),6,0,73.89,80.5,91.48,87.32,82.04,88.6,65.16,81.28428571428572,,,,,,,
75.0,allmini6,CLS+MAX_SUML4L,CLS+MAX,SUML4L,1.0,torch.Size([768]),6,0,72.99,77.32,90.6,87.42,79.02,90.8,64.93,80.43999999999998,,,,,,,
76.0,allmini6,CLS+AVG-NS_SUML4L,CLS+AVG-NS,SUML4L,1.0,torch.Size([768]),6,0,76.0,81.96,92.38,87.44,81.66,90.4,74.84,83.52571428571427,,,,,,,
77.0,allmini6,CLS+SUM-NS_SUML4L,CLS+SUM-NS,SUML4L,1.0,torch.Size([768]),6,0,73.84,81.45,91.61,87.06,82.37,88.4,65.28,81.42999999999999,,,,,,,
78.0,allmini6,CLS+MAX-NS_SUML4L,CLS+MAX-NS,SUML4L,1.0,torch.Size([768]),6,0,73.25,76.26,90.64,87.46,79.52,90.6,70.49,81.1742857142857,,,,,,,
79.0,allmini6,CLS+AVG+AVG-NS_SUML4L,CLS+AVG+AVG-NS,SUML4L,1.0,torch.Size([1152]),6,0,77.05,84.4,92.82,88.08,83.47,90.8,74.49,84.4442857142857,,,,,,,
80.0,allmini6,CLS+AVG+SUM-NS_SUML4L,CLS+AVG+SUM-NS,SUML4L,1.0,torch.Size([1152]),6,0,75.35,82.46,91.57,87.21,82.81,88.8,63.83,81.71857142857142,,,,,,,
81.0,allmini6,CLS+AVG+MAX-NS_SUML4L,CLS+AVG+MAX-NS,SUML4L,1.0,torch.Size([1152]),6,0,75.78,81.11,92.38,88.07,82.21,92.2,70.43,83.16857142857143,,,,,,,
82.0,allmini6,CLS+SUM+AVG-NS_SUML4L,CLS+SUM+AVG-NS,SUML4L,1.0,torch.Size([1152]),6,0,72.69,79.42,91.5,87.72,82.81,86.6,66.03,80.96714285714286,,,,,,,
83.0,allmini6,CLS+SUM+SUM-NS_SUML4L,CLS+SUM+SUM-NS,SUML4L,1.0,torch.Size([1152]),6,0,74.32,81.83,91.42,86.37,81.82,87.4,64.93,81.15571428571427,,,,,,,
84.0,allmini6,CLS+SUM+MAX-NS_SUML4L,CLS+SUM+MAX-NS,SUML4L,1.0,torch.Size([1152]),6,0,72.93,80.56,90.87,87.34,82.7,90.2,65.1,81.38571428571429,,,,,,,
85.0,allmini6,CLS+MAX+AVG-NS_SUML4L,CLS+MAX+AVG-NS,SUML4L,1.0,torch.Size([1152]),6,0,76.39,82.99,92.0,88.1,82.21,90.2,72.41,83.47142857142856,,,,,,,
86.0,allmini6,CLS+MAX+SUM-NS_SUML4L,CLS+MAX+SUM-NS,SUML4L,1.0,torch.Size([1152]),6,0,74.51,81.85,91.34,87.46,83.2,89.8,66.32,82.06857142857143,,,,,,,
87.0,allmini6,CLS+MAX+MAX-NS_SUML4L,CLS+MAX+MAX-NS,SUML4L,1.0,torch.Size([1152]),6,0,72.52,75.82,90.49,87.66,78.86,90.6,69.16,80.73,,,,,,,
88.0,allmini6,CLS_AVGL4L,CLS,AVGL4L,1.0,torch.Size([384]),6,0,68.65,63.76,83.11,68.77,75.12,49.2,66.49,67.87142857142857,,,,,,,
89.0,allmini6,AVG_AVGL4L,AVG,AVGL4L,1.0,torch.Size([384]),6,0,75.65,79.47,91.17,86.65,82.15,82.2,73.62,81.55857142857144,,,,,,,
90.0,allmini6,SUM_AVGL4L,SUM,AVGL4L,1.0,torch.Size([384]),6,0,75.47,80.66,91.85,87.36,81.82,90.6,68.29,82.29285714285713,,,,,,,
91.0,allmini6,MAX_AVGL4L,MAX,AVGL4L,1.0,torch.Size([384]),6,0,72.65,76.32,89.34,86.74,78.69,83.2,69.57,79.50142857142858,,,,,,,
92.0,allmini6,AVG-NS_AVGL4L,AVG-NS,AVGL4L,1.0,torch.Size([384]),6,0,75.59,80.05,91.09,86.94,81.71,84.2,73.74,81.90285714285713,,,,,,,
93.0,allmini6,SUM-NS_AVGL4L,SUM-NS,AVGL4L,1.0,torch.Size([384]),6,0,75.49,80.74,91.74,87.29,82.65,91.0,67.83,82.39142857142858,,,,,,,
94.0,allmini6,MAX-NS_AVGL4L,MAX-NS,AVGL4L,1.0,torch.Size([384]),6,0,72.42,74.2,89.72,87.01,79.46,81.0,71.65,79.35142857142857,,,,,,,
95.0,allmini6,CLS+AVG_AVGL4L,CLS+AVG,AVGL4L,1.0,torch.Size([768]),6,0,76.26,81.7,91.27,87.24,82.48,86.0,74.09,82.72000000000001,,,,,,,
96.0,allmini6,CLS+SUM_AVGL4L,CLS+SUM,AVGL4L,1.0,torch.Size([768]),6,0,75.99,81.93,92.68,87.21,81.77,91.2,68.41,82.74142857142856,,,,,,,
97.0,allmini6,CLS+MAX_AVGL4L,CLS+MAX,AVGL4L,1.0,torch.Size([768]),6,0,73.22,76.93,90.2,86.79,78.86,83.2,72.58,80.25428571428573,,,,,,,
98.0,allmini6,CLS+AVG-NS_AVGL4L,CLS+AVG-NS,AVGL4L,1.0,torch.Size([768]),6,0,76.16,81.7,91.33,87.27,82.59,87.6,74.49,83.02,,,,,,,
99.0,allmini6,CLS+SUM-NS_AVGL4L,CLS+SUM-NS,AVGL4L,1.0,torch.Size([768]),6,0,76.21,81.99,92.76,87.44,81.88,91.0,67.01,82.61285714285714,,,,,,,
100.0,allmini6,CLS+MAX-NS_AVGL4L,CLS+MAX-NS,AVGL4L,1.0,torch.Size([768]),6,0,72.82,78.68,90.04,87.37,78.91,83.0,73.45,80.61000000000001,,,,,,,
101.0,allmini6,CLS+AVG+AVG-NS_AVGL4L,CLS+AVG+AVG-NS,AVGL4L,1.0,torch.Size([1152]),6,0,76.98,81.59,91.66,87.88,81.71,90.0,74.49,83.47285714285714,,,,,,,
102.0,allmini6,CLS+AVG+SUM-NS_AVGL4L,CLS+AVG+SUM-NS,AVGL4L,1.0,torch.Size([1152]),6,0,77.23,83.79,92.85,87.58,82.65,91.2,69.68,83.56857142857143,,,,,,,
103.0,allmini6,CLS+AVG+MAX-NS_AVGL4L,CLS+AVG+MAX-NS,AVGL4L,1.0,torch.Size([1152]),6,0,76.14,80.58,91.51,87.97,82.92,88.2,72.29,82.80142857142857,,,,,,,
104.0,allmini6,CLS+SUM+AVG-NS_AVGL4L,CLS+SUM+AVG-NS,AVGL4L,1.0,torch.Size([1152]),6,0,76.0,82.6,92.51,87.64,82.81,91.6,67.54,82.95714285714284,,,,,,,
105.0,allmini6,CLS+SUM+SUM-NS_AVGL4L,CLS+SUM+SUM-NS,AVGL4L,1.0,torch.Size([1152]),6,0,76.38,83.76,92.57,87.44,82.81,91.6,71.88,83.77714285714285,,,,,,,
106.0,allmini6,CLS+SUM+MAX-NS_AVGL4L,CLS+SUM+MAX-NS,AVGL4L,1.0,torch.Size([1152]),6,0,76.31,81.93,92.42,87.96,83.14,91.4,67.42,82.93999999999998,,,,,,,
107.0,allmini6,CLS+MAX+AVG-NS_AVGL4L,CLS+MAX+AVG-NS,AVGL4L,1.0,torch.Size([1152]),6,0,76.61,81.64,91.63,88.14,82.65,87.6,74.96,83.31857142857143,,,,,,,
108.0,allmini6,CLS+MAX+SUM-NS_AVGL4L,CLS+MAX+SUM-NS,AVGL4L,1.0,torch.Size([1152]),6,0,76.93,83.23,92.61,87.89,83.58,90.8,70.32,83.62285714285713,,,,,,,
109.0,allmini6,CLS+MAX+MAX-NS_AVGL4L,CLS+MAX+MAX-NS,AVGL4L,1.0,torch.Size([1152]),6,0,72.59,78.15,90.86,87.55,80.29,86.0,72.41,81.12142857142858,,,,,,,
110.0,allmini6,CLS_SUMALL,CLS,SUMALL,1.0,torch.Size([384]),6,0,67.6,67.65,84.17,81.25,77.1,62.6,66.49,72.40857142857143,,,,,,,
111.0,allmini6,AVG_SUMALL,AVG,SUMALL,1.0,torch.Size([384]),6,0,76.91,81.88,92.19,87.99,82.65,90.0,74.14,83.67999999999999,,,,,,,
112.0,allmini6,SUM_SUMALL,SUM,SUMALL,1.0,torch.Size([384]),6,0,69.67,78.65,90.23,85.83,81.82,87.8,65.39,79.91285714285713,,,,,,,
113.0,allmini6,MAX_SUMALL,MAX,SUMALL,1.0,torch.Size([384]),6,0,69.49,69.19,88.27,86.39,78.31,87.2,61.1,77.13571428571427,,,,,,,
114.0,allmini6,AVG-NS_SUMALL,AVG-NS,SUMALL,1.0,torch.Size([384]),6,0,76.85,81.51,92.35,88.0,82.04,89.8,74.32,83.55285714285716,,,,,,,
115.0,allmini6,SUM-NS_SUMALL,SUM-NS,SUMALL,1.0,torch.Size([384]),6,0,70.41,78.88,90.09,86.39,81.88,85.6,65.04,79.75571428571428,,,,,,,
116.0,allmini6,MAX-NS_SUMALL,MAX-NS,SUMALL,1.0,torch.Size([384]),6,0,68.82,65.88,88.48,86.81,78.86,89.2,61.68,77.10428571428572,,,,,,,
117.0,allmini6,CLS+AVG_SUMALL,CLS+AVG,SUMALL,1.0,torch.Size([768]),6,0,75.83,82.01,92.51,88.05,81.05,91.0,74.09,83.50571428571429,,,,,,,
118.0,allmini6,CLS+SUM_SUMALL,CLS+SUM,SUMALL,1.0,torch.Size([768]),6,0,72.29,80.61,91.32,86.85,82.59,90.0,62.43,80.86999999999999,,,,,,,
119.0,allmini6,CLS+MAX_SUMALL,CLS+MAX,SUMALL,1.0,torch.Size([768]),6,0,71.97,75.13,90.18,87.15,79.41,88.4,65.33,79.65285714285714,,,,,,,
120.0,allmini6,CLS+AVG-NS_SUMALL,CLS+AVG-NS,SUMALL,1.0,torch.Size([768]),6,0,76.04,82.2,92.64,88.3,80.83,90.8,73.1,83.41571428571429,,,,,,,
121.0,allmini6,CLS+SUM-NS_SUMALL,CLS+SUM-NS,SUMALL,1.0,torch.Size([768]),6,0,72.48,80.74,90.82,87.29,82.21,89.6,65.8,81.27714285714285,,,,,,,
122.0,allmini6,CLS+MAX-NS_SUMALL,CLS+MAX-NS,SUMALL,1.0,torch.Size([768]),6,0,72.0,73.22,90.02,87.14,79.46,90.0,66.78,79.80285714285715,,,,,,,
123.0,allmini6,CLS+AVG+AVG-NS_SUMALL,CLS+AVG+AVG-NS,SUMALL,1.0,torch.Size([1152]),6,0,76.81,83.5,93.02,88.29,82.7,89.8,67.83,83.13571428571429,,,,,,,
124.0,allmini6,CLS+AVG+SUM-NS_SUMALL,CLS+AVG+SUM-NS,SUMALL,1.0,torch.Size([1152]),6,0,73.28,81.72,91.37,87.68,81.33,89.8,65.97,81.59285714285714,,,,,,,
125.0,allmini6,CLS+AVG+MAX-NS_SUMALL,CLS+AVG+MAX-NS,SUMALL,1.0,torch.Size([1152]),6,0,75.62,81.3,92.25,88.31,82.81,91.8,68.99,83.01142857142858,,,,,,,
126.0,allmini6,CLS+SUM+AVG-NS_SUMALL,CLS+SUM+AVG-NS,SUMALL,1.0,torch.Size([1152]),6,0,72.84,79.97,91.17,87.32,80.56,86.2,64.99,80.43571428571428,,,,,,,
127.0,allmini6,CLS+SUM+SUM-NS_SUMALL,CLS+SUM+SUM-NS,SUMALL,1.0,torch.Size([1152]),6,0,71.53,80.1,91.08,86.88,82.26,89.4,68.12,81.33857142857143,,,,,,,
128.0,allmini6,CLS+SUM+MAX-NS_SUMALL,CLS+SUM+MAX-NS,SUMALL,1.0,torch.Size([1152]),6,0,72.69,79.18,90.87,87.14,82.15,86.4,64.06,80.35571428571428,,,,,,,
129.0,allmini6,CLS+MAX+AVG-NS_SUMALL,CLS+MAX+AVG-NS,SUMALL,1.0,torch.Size([1152]),6,0,74.78,81.72,92.21,87.97,82.32,91.0,70.14,82.87714285714286,,,,,,,
130.0,allmini6,CLS+MAX+SUM-NS_SUMALL,CLS+MAX+SUM-NS,SUMALL,1.0,torch.Size([1152]),6,0,73.14,81.01,91.06,87.17,81.22,90.0,62.72,80.90285714285714,,,,,,,
131.0,allmini6,CLS+MAX+MAX-NS_SUMALL,CLS+MAX+MAX-NS,SUMALL,1.0,torch.Size([1152]),6,0,71.72,73.33,90.27,87.6,79.79,89.8,69.68,80.31285714285715,,,,,,,
132.0,allmini6,CLS_AVGALL,CLS,AVGALL,1.0,torch.Size([384]),6,0,68.23,63.76,83.05,68.77,73.86,41.0,66.49,66.45142857142858,,,,,,,
133.0,allmini6,AVG_AVGALL,AVG,AVGALL,1.0,torch.Size([384]),6,0,74.66,78.28,90.89,87.26,82.1,84.6,72.7,81.49857142857142,,,,,,,
134.0,allmini6,SUM_AVGALL,SUM,AVGALL,1.0,torch.Size([384]),6,0,75.39,80.9,92.01,87.62,82.37,89.8,69.57,82.52285714285715,,,,,,,
135.0,allmini6,MAX_AVGALL,MAX,AVGALL,1.0,torch.Size([384]),6,0,71.44,70.2,89.24,86.42,77.38,80.2,69.33,77.74428571428572,,,,,,,
136.0,allmini6,AVG-NS_AVGALL,AVG-NS,AVGALL,1.0,torch.Size([384]),6,0,74.5,78.3,91.14,87.23,81.99,85.0,73.45,81.65857142857143,,,,,,,
137.0,allmini6,SUM-NS_AVGALL,SUM-NS,AVGALL,1.0,torch.Size([384]),6,0,75.56,80.72,91.91,87.5,82.76,89.8,70.55,82.68571428571428,,,,,,,
138.0,allmini6,MAX-NS_AVGALL,MAX-NS,AVGALL,1.0,torch.Size([384]),6,0,71.63,67.2,89.07,86.89,77.54,80.6,71.94,77.83857142857141,,,,,,,
139.0,allmini6,CLS+AVG_AVGALL,CLS+AVG,AVGALL,1.0,torch.Size([768]),6,0,75.44,79.44,91.62,87.68,81.99,83.6,73.97,81.96285714285715,,,,,,,
140.0,allmini6,CLS+SUM_AVGALL,CLS+SUM,AVGALL,1.0,torch.Size([768]),6,0,76.41,80.85,92.49,87.63,82.7,91.8,69.04,82.98857142857142,,,,,,,
141.0,allmini6,CLS+MAX_AVGALL,CLS+MAX,AVGALL,1.0,torch.Size([768]),6,0,72.2,74.94,89.58,86.92,79.13,82.2,73.16,79.73285714285714,,,,,,,
142.0,allmini6,CLS+AVG-NS_AVGALL,CLS+AVG-NS,AVGALL,1.0,torch.Size([768]),6,0,75.75,79.97,91.53,87.57,82.1,82.6,73.74,81.89428571428572,,,,,,,
143.0,allmini6,CLS+SUM-NS_AVGALL,CLS+SUM-NS,AVGALL,1.0,torch.Size([768]),6,0,75.95,81.48,92.33,87.89,82.43,91.4,68.99,82.92428571428572,,,,,,,
144.0,allmini6,CLS+MAX-NS_AVGALL,CLS+MAX-NS,AVGALL,1.0,torch.Size([768]),6,0,71.68,75.18,89.7,87.1,79.19,82.4,72.23,79.64,,,,,,,
145.0,allmini6,CLS+AVG+AVG-NS_AVGALL,CLS+AVG+AVG-NS,AVGALL,1.0,torch.Size([1152]),6,0,75.94,80.72,91.91,88.11,83.14,88.2,73.28,83.04285714285713,,,,,,,
146.0,allmini6,CLS+AVG+SUM-NS_AVGALL,CLS+AVG+SUM-NS,AVGALL,1.0,torch.Size([1152]),6,0,76.49,82.7,92.82,88.01,82.65,91.6,68.81,83.29714285714284,,,,,,,
147.0,allmini6,CLS+AVG+MAX-NS_AVGALL,CLS+AVG+MAX-NS,AVGALL,1.0,torch.Size([1152]),6,0,76.01,80.74,91.54,87.87,82.54,89.2,71.88,82.82571428571428,,,,,,,
148.0,allmini6,CLS+SUM+AVG-NS_AVGALL,CLS+SUM+AVG-NS,AVGALL,1.0,torch.Size([1152]),6,0,76.0,82.7,92.9,87.86,82.7,90.0,69.97,83.16142857142857,,,,,,,
149.0,allmini6,CLS+SUM+SUM-NS_AVGALL,CLS+SUM+SUM-NS,AVGALL,1.0,torch.Size([1152]),6,0,76.6,82.41,92.8,87.81,80.12,91.0,68.35,82.72714285714287,,,,,,,
150.0,allmini6,CLS+SUM+MAX-NS_AVGALL,CLS+SUM+MAX-NS,AVGALL,1.0,torch.Size([1152]),6,0,75.62,81.83,92.55,88.12,82.7,91.0,70.38,83.17142857142858,,,,,,,
151.0,allmini6,CLS+MAX+AVG-NS_AVGALL,CLS+MAX+AVG-NS,AVGALL,1.0,torch.Size([1152]),6,0,75.68,80.05,91.56,88.34,82.37,86.6,73.22,82.5457142857143,,,,,,,
152.0,allmini6,CLS+MAX+SUM-NS_AVGALL,CLS+MAX+SUM-NS,AVGALL,1.0,torch.Size([1152]),6,0,76.1,82.76,92.76,87.36,81.99,90.6,70.49,83.15142857142858,,,,,,,
153.0,allmini6,CLS+MAX+MAX-NS_AVGALL,CLS+MAX+MAX-NS,AVGALL,1.0,torch.Size([1152]),6,0,72.45,75.55,90.09,87.32,78.8,85.4,72.93,80.36285714285714,,,,,,,
154.0,allmpnet,CLS_LYR-7,CLS,LYR-7,1.0,torch.Size([768]),12,0,81.54,86.12,92.29,68.75,87.26,18.8,68.46,71.88857142857144,,,,,,,
155.0,allmpnet,AVG_LYR-7,AVG,LYR-7,1.0,torch.Size([768]),12,0,84.52,89.56,94.22,89.54,90.83,90.4,71.54,87.22999999999999,,,,,,,
156.0,allmpnet,SUM_LYR-7,SUM,LYR-7,1.0,torch.Size([768]),12,0,85.17,90.78,95.43,89.36,90.23,94.4,69.1,87.78142857142858,,,,,,,
157.0,allmpnet,MAX_LYR-7,MAX,LYR-7,1.0,torch.Size([768]),12,0,81.12,85.17,92.39,88.6,88.69,82.4,72.87,84.46285714285715,,,,,,,
158.0,allmpnet,AVG-NS_LYR-7,AVG-NS,LYR-7,1.0,torch.Size([768]),12,0,83.67,89.75,94.05,90.04,91.16,90.8,71.71,87.31142857142858,,,,,,,
159.0,allmpnet,SUM-NS_LYR-7,SUM-NS,LYR-7,1.0,torch.Size([768]),12,0,85.22,90.49,95.28,89.35,90.61,94.8,65.33,87.29714285714286,,,,,,,
160.0,allmpnet,MAX-NS_LYR-7,MAX-NS,LYR-7,1.0,torch.Size([768]),12,0,80.77,84.79,92.64,88.63,88.91,82.4,72.64,84.39714285714285,,,,,,,
161.0,allmpnet,CLS+AVG_LYR-7,CLS+AVG,LYR-7,1.0,torch.Size([1536]),12,0,85.23,89.48,95.09,89.01,91.54,91.6,73.91,87.98,,,,,,,
162.0,allmpnet,CLS+SUM_LYR-7,CLS+SUM,LYR-7,1.0,torch.Size([1536]),12,0,86.02,90.78,95.77,90.25,90.55,94.2,70.84,88.34428571428573,,,,,,,
163.0,allmpnet,CLS+MAX_LYR-7,CLS+MAX,LYR-7,1.0,torch.Size([1536]),12,0,83.41,88.77,94.75,88.7,90.66,84.6,72.87,86.25142857142858,,,,,,,
164.0,allmpnet,CLS+AVG-NS_LYR-7,CLS+AVG-NS,LYR-7,1.0,torch.Size([1536]),12,0,85.3,89.72,95.19,89.36,91.65,92.0,73.8,88.14571428571428,,,,,,,
165.0,allmpnet,CLS+SUM-NS_LYR-7,CLS+SUM-NS,LYR-7,1.0,torch.Size([1536]),12,0,86.31,91.02,95.56,90.14,90.55,94.2,70.2,88.28285714285714,,,,,,,
166.0,allmpnet,CLS+MAX-NS_LYR-7,CLS+MAX-NS,LYR-7,1.0,torch.Size([1536]),12,0,83.29,89.25,94.65,88.64,91.32,84.6,72.58,86.33285714285715,,,,,,,
167.0,allmpnet,CLS+AVG+AVG-NS_LYR-7,CLS+AVG+AVG-NS,LYR-7,1.0,torch.Size([2304]),12,0,85.97,90.76,95.34,89.98,91.27,93.6,74.96,88.84000000000002,,,,,,,
168.0,allmpnet,CLS+AVG+SUM-NS_LYR-7,CLS+AVG+SUM-NS,LYR-7,1.0,torch.Size([2304]),12,0,86.1,91.74,95.36,90.28,90.06,94.6,67.59,87.96142857142857,,,,,,,
169.0,allmpnet,CLS+AVG+MAX-NS_LYR-7,CLS+AVG+MAX-NS,LYR-7,1.0,torch.Size([2304]),12,0,85.44,90.83,95.05,89.99,91.98,93.0,73.39,88.52571428571427,,,,,,,
170.0,allmpnet,CLS+SUM+AVG-NS_LYR-7,CLS+SUM+AVG-NS,LYR-7,1.0,torch.Size([2304]),12,0,86.36,90.52,95.5,89.91,90.61,94.6,70.2,88.24285714285715,,,,,,,
171.0,allmpnet,CLS+SUM+SUM-NS_LYR-7,CLS+SUM+SUM-NS,LYR-7,1.0,torch.Size([2304]),12,0,85.64,90.36,95.47,90.01,90.39,94.8,68.46,87.87571428571428,,,,,,,
172.0,allmpnet,CLS+SUM+MAX-NS_LYR-7,CLS+SUM+MAX-NS,LYR-7,1.0,torch.Size([2304]),12,0,85.74,91.18,94.91,90.09,90.94,94.8,67.07,87.81857142857143,,,,,,,
173.0,allmpnet,CLS+MAX+AVG-NS_LYR-7,CLS+MAX+AVG-NS,LYR-7,1.0,torch.Size([2304]),12,0,85.58,90.6,95.33,90.06,91.49,92.4,73.04,88.35714285714286,,,,,,,
174.0,allmpnet,CLS+MAX+SUM-NS_LYR-7,CLS+MAX+SUM-NS,LYR-7,1.0,torch.Size([2304]),12,0,86.03,91.26,95.38,90.04,90.94,95.2,68.0,88.12142857142858,,,,,,,
175.0,allmpnet,CLS+MAX+MAX-NS_LYR-7,CLS+MAX+MAX-NS,LYR-7,1.0,torch.Size([2304]),12,0,83.82,89.56,94.26,89.03,91.49,90.4,72.12,87.24,,,,,,,
176.0,allmpnet,CLS_LYR-8,CLS,LYR-8,1.0,torch.Size([768]),12,0,81.86,84.61,91.28,68.77,87.86,44.2,66.72,75.04285714285713,,,,,,,
177.0,allmpnet,AVG_LYR-8,AVG,LYR-8,1.0,torch.Size([768]),12,0,85.9,89.48,94.15,89.19,90.61,91.6,70.67,87.37142857142855,,,,,,,
178.0,allmpnet,SUM_LYR-8,SUM,LYR-8,1.0,torch.Size([768]),12,0,85.24,90.99,95.09,89.6,90.77,94.6,70.32,88.08714285714284,,,,,,,
179.0,allmpnet,MAX_LYR-8,MAX,LYR-8,1.0,torch.Size([768]),12,0,83.13,87.42,92.78,88.33,89.29,85.0,72.64,85.51285714285714,,,,,,,
180.0,allmpnet,AVG-NS_LYR-8,AVG-NS,LYR-8,1.0,torch.Size([768]),12,0,85.99,89.19,94.33,89.52,90.88,92.2,70.96,87.58142857142857,,,,,,,
181.0,allmpnet,SUM-NS_LYR-8,SUM-NS,LYR-8,1.0,torch.Size([768]),12,0,85.43,90.65,95.09,89.71,90.5,94.6,69.97,87.99285714285715,,,,,,,
182.0,allmpnet,MAX-NS_LYR-8,MAX-NS,LYR-8,1.0,torch.Size([768]),12,0,83.54,87.36,92.55,88.3,89.35,84.8,72.7,85.51428571428572,,,,,,,
183.0,allmpnet,CLS+AVG_LYR-8,CLS+AVG,LYR-8,1.0,torch.Size([1536]),12,0,85.96,89.27,95.02,88.98,91.82,92.4,70.61,87.72285714285715,,,,,,,
184.0,allmpnet,CLS+SUM_LYR-8,CLS+SUM,LYR-8,1.0,torch.Size([1536]),12,0,85.72,90.76,95.13,89.89,90.61,93.2,70.09,87.91428571428573,,,,,,,
185.0,allmpnet,CLS+MAX_LYR-8,CLS+MAX,LYR-8,1.0,torch.Size([1536]),12,0,84.7,88.37,94.57,88.55,90.66,84.0,71.3,86.02142857142857,,,,,,,
186.0,allmpnet,CLS+AVG-NS_LYR-8,CLS+AVG-NS,LYR-8,1.0,torch.Size([1536]),12,0,86.2,89.96,95.04,89.5,91.87,90.6,70.43,87.65714285714284,,,,,,,
187.0,allmpnet,CLS+SUM-NS_LYR-8,CLS+SUM-NS,LYR-8,1.0,torch.Size([1536]),12,0,85.82,90.3,94.99,90.0,91.1,93.2,70.32,87.96142857142857,,,,,,,
188.0,allmpnet,CLS+MAX-NS_LYR-8,CLS+MAX-NS,LYR-8,1.0,torch.Size([1536]),12,0,84.64,88.05,94.51,88.55,90.61,84.0,73.16,86.21714285714286,,,,,,,
189.0,allmpnet,CLS+AVG+AVG-NS_LYR-8,CLS+AVG+AVG-NS,LYR-8,1.0,torch.Size([2304]),12,0,86.09,90.78,95.4,90.13,91.93,94.8,73.74,88.98142857142857,,,,,,,
190.0,allmpnet,CLS+AVG+SUM-NS_LYR-8,CLS+AVG+SUM-NS,LYR-8,1.0,torch.Size([2304]),12,0,85.94,90.25,95.53,89.93,90.99,95.0,70.14,88.25428571428573,,,,,,,
191.0,allmpnet,CLS+AVG+MAX-NS_LYR-8,CLS+AVG+MAX-NS,LYR-8,1.0,torch.Size([2304]),12,0,85.33,90.15,95.07,89.9,91.27,92.6,72.64,88.13714285714286,,,,,,,
192.0,allmpnet,CLS+SUM+AVG-NS_LYR-8,CLS+SUM+AVG-NS,LYR-8,1.0,torch.Size([2304]),12,0,86.09,90.73,95.53,89.76,91.27,94.2,68.64,88.03142857142858,,,,,,,
193.0,allmpnet,CLS+SUM+SUM-NS_LYR-8,CLS+SUM+SUM-NS,LYR-8,1.0,torch.Size([2304]),12,0,85.45,91.36,95.09,90.18,90.99,95.8,69.68,88.36428571428571,,,,,,,
194.0,allmpnet,CLS+SUM+MAX-NS_LYR-8,CLS+SUM+MAX-NS,LYR-8,1.0,torch.Size([2304]),12,0,86.13,90.91,95.44,90.06,91.05,95.8,68.52,88.27285714285713,,,,,,,
195.0,allmpnet,CLS+MAX+AVG-NS_LYR-8,CLS+MAX+AVG-NS,LYR-8,1.0,torch.Size([2304]),12,0,86.21,90.28,95.04,89.88,92.09,92.0,73.45,88.42142857142858,,,,,,,
196.0,allmpnet,CLS+MAX+SUM-NS_LYR-8,CLS+MAX+SUM-NS,LYR-8,1.0,torch.Size([2304]),12,0,86.1,90.84,95.24,90.07,91.05,95.4,70.26,88.42285714285715,,,,,,,
197.0,allmpnet,CLS+MAX+MAX-NS_LYR-8,CLS+MAX+MAX-NS,LYR-8,1.0,torch.Size([2304]),12,0,84.65,88.11,94.12,88.81,90.83,89.6,71.59,86.8157142857143,,,,,,,
198.0,allmpnet,CLS_LYR-9,CLS,LYR-9,1.0,torch.Size([768]),12,0,76.01,63.76,84.02,68.77,82.7,38.0,66.49,68.53571428571429,,,,,,,
199.0,allmpnet,AVG_LYR-9,AVG,LYR-9,1.0,torch.Size([768]),12,0,85.28,87.26,94.09,89.1,91.05,94.8,71.01,87.51285714285714,,,,,,,
200.0,allmpnet,SUM_LYR-9,SUM,LYR-9,1.0,torch.Size([768]),12,0,85.3,90.51,94.78,89.39,90.28,95.2,69.1,87.79428571428572,,,,,,,
201.0,allmpnet,MAX_LYR-9,MAX,LYR-9,1.0,torch.Size([768]),12,0,83.09,83.58,92.45,88.44,90.23,84.6,72.7,85.01285714285714,,,,,,,
202.0,allmpnet,AVG-NS_LYR-9,AVG-NS,LYR-9,1.0,torch.Size([768]),12,0,85.2,87.18,94.04,89.41,90.99,95.0,70.67,87.49857142857142,,,,,,,
203.0,allmpnet,SUM-NS_LYR-9,SUM-NS,LYR-9,1.0,torch.Size([768]),12,0,85.31,90.38,94.95,89.63,90.12,95.4,67.59,87.62571428571428,,,,,,,
204.0,allmpnet,MAX-NS_LYR-9,MAX-NS,LYR-9,1.0,torch.Size([768]),12,0,83.08,83.6,92.41,88.4,90.17,84.6,72.7,84.99428571428572,,,,,,,
205.0,allmpnet,CLS+AVG_LYR-9,CLS+AVG,LYR-9,1.0,torch.Size([1536]),12,0,85.21,87.82,94.17,89.18,90.88,93.2,70.96,87.3457142857143,,,,,,,
206.0,allmpnet,CLS+SUM_LYR-9,CLS+SUM,LYR-9,1.0,torch.Size([1536]),12,0,85.65,90.33,95.18,89.65,90.88,96.2,69.33,88.17428571428573,,,,,,,
207.0,allmpnet,CLS+MAX_LYR-9,CLS+MAX,LYR-9,1.0,torch.Size([1536]),12,0,83.66,85.09,92.77,88.41,90.23,89.4,71.88,85.91999999999999,,,,,,,
208.0,allmpnet,CLS+AVG-NS_LYR-9,CLS+AVG-NS,LYR-9,1.0,torch.Size([1536]),12,0,85.22,88.08,94.09,89.57,91.05,93.0,71.3,87.47285714285714,,,,,,,
209.0,allmpnet,CLS+SUM-NS_LYR-9,CLS+SUM-NS,LYR-9,1.0,torch.Size([1536]),12,0,85.49,90.14,95.05,89.57,91.1,96.4,68.75,88.07142857142857,,,,,,,
210.0,allmpnet,CLS+MAX-NS_LYR-9,CLS+MAX-NS,LYR-9,1.0,torch.Size([1536]),12,0,83.69,84.16,92.76,88.68,90.23,89.4,71.88,85.82857142857144,,,,,,,
211.0,allmpnet,CLS+AVG+AVG-NS_LYR-9,CLS+AVG+AVG-NS,LYR-9,1.0,torch.Size([2304]),12,0,85.8,88.58,94.85,89.83,91.05,94.8,73.91,88.40285714285713,,,,,,,
212.0,allmpnet,CLS+AVG+SUM-NS_LYR-9,CLS+AVG+SUM-NS,LYR-9,1.0,torch.Size([2304]),12,0,85.94,90.46,95.46,89.8,90.88,94.6,69.51,88.09285714285714,,,,,,,
213.0,allmpnet,CLS+AVG+MAX-NS_LYR-9,CLS+AVG+MAX-NS,LYR-9,1.0,torch.Size([2304]),12,0,85.23,88.56,94.34,89.39,92.2,95.6,72.75,88.29571428571428,,,,,,,
214.0,allmpnet,CLS+SUM+AVG-NS_LYR-9,CLS+SUM+AVG-NS,LYR-9,1.0,torch.Size([2304]),12,0,85.84,89.11,95.58,89.65,91.27,96.0,68.64,88.01285714285713,,,,,,,
215.0,allmpnet,CLS+SUM+SUM-NS_LYR-9,CLS+SUM+SUM-NS,LYR-9,1.0,torch.Size([2304]),12,0,85.46,89.57,95.3,89.58,90.72,95.8,68.81,87.89142857142858,,,,,,,
216.0,allmpnet,CLS+SUM+MAX-NS_LYR-9,CLS+SUM+MAX-NS,LYR-9,1.0,torch.Size([2304]),12,0,85.64,89.25,95.28,89.97,90.72,96.2,69.91,88.13857142857144,,,,,,,
217.0,allmpnet,CLS+MAX+AVG-NS_LYR-9,CLS+MAX+AVG-NS,LYR-9,1.0,torch.Size([2304]),12,0,85.53,88.77,94.28,89.6,92.09,94.4,73.39,88.29428571428572,,,,,,,
218.0,allmpnet,CLS+MAX+SUM-NS_LYR-9,CLS+MAX+SUM-NS,LYR-9,1.0,torch.Size([2304]),12,0,85.81,89.72,95.6,89.85,90.77,95.4,69.22,88.05285714285715,,,,,,,
219.0,allmpnet,CLS+MAX+MAX-NS_LYR-9,CLS+MAX+MAX-NS,LYR-9,1.0,torch.Size([2304]),12,0,82.99,86.01,92.83,88.82,90.33,93.6,72.17,86.67857142857142,,,,,,,
220.0,allmpnet,CLS_LYR-10,CLS,LYR-10,1.0,torch.Size([768]),12,0,62.8,63.76,76.5,68.77,58.54,18.4,66.49,59.32285714285714,,,,,,,
221.0,allmpnet,AVG_LYR-10,AVG,LYR-10,1.0,torch.Size([768]),12,0,85.35,85.59,93.78,89.06,90.01,94.8,74.09,87.5257142857143,,,,,,,
222.0,allmpnet,SUM_LYR-10,SUM,LYR-10,1.0,torch.Size([768]),12,0,85.03,89.99,94.65,89.55,90.17,96.0,70.61,88.0,,,,,,,
223.0,allmpnet,MAX_LYR-10,MAX,LYR-10,1.0,torch.Size([768]),12,0,84.28,84.03,92.73,88.44,90.01,87.2,73.33,85.71714285714287,,,,,,,
224.0,allmpnet,AVG-NS_LYR-10,AVG-NS,LYR-10,1.0,torch.Size([768]),12,0,85.28,85.99,93.77,89.08,90.17,94.0,74.32,87.51571428571427,,,,,,,
225.0,allmpnet,SUM-NS_LYR-10,SUM-NS,LYR-10,1.0,torch.Size([768]),12,0,84.27,89.11,94.65,89.38,90.06,95.8,70.96,87.74714285714286,,,,,,,
226.0,allmpnet,MAX-NS_LYR-10,MAX-NS,LYR-10,1.0,torch.Size([768]),12,0,84.28,84.0,92.77,88.33,89.95,89.0,73.33,85.95142857142856,,,,,,,
227.0,allmpnet,CLS+AVG_LYR-10,CLS+AVG,LYR-10,1.0,torch.Size([1536]),12,0,84.76,84.18,93.85,88.94,90.28,93.4,73.86,87.03857142857143,,,,,,,
228.0,allmpnet,CLS+SUM_LYR-10,CLS+SUM,LYR-10,1.0,torch.Size([1536]),12,0,85.53,89.22,94.85,89.47,90.28,95.8,68.52,87.66714285714285,,,,,,,
229.0,allmpnet,CLS+MAX_LYR-10,CLS+MAX,LYR-10,1.0,torch.Size([1536]),12,0,83.98,84.16,92.53,88.04,90.28,88.0,71.36,85.47857142857143,,,,,,,
230.0,allmpnet,CLS+AVG-NS_LYR-10,CLS+AVG-NS,LYR-10,1.0,torch.Size([1536]),12,0,84.7,85.38,93.93,89.23,90.44,93.8,74.96,87.49142857142859,,,,,,,
231.0,allmpnet,CLS+SUM-NS_LYR-10,CLS+SUM-NS,LYR-10,1.0,torch.Size([1536]),12,0,85.45,89.67,94.89,89.38,90.5,95.8,70.03,87.96,,,,,,,
232.0,allmpnet,CLS+MAX-NS_LYR-10,CLS+MAX-NS,LYR-10,1.0,torch.Size([1536]),12,0,83.98,84.16,92.49,88.0,90.06,88.0,71.36,85.4357142857143,,,,,,,
233.0,allmpnet,CLS+AVG+AVG-NS_LYR-10,CLS+AVG+AVG-NS,LYR-10,1.0,torch.Size([2304]),12,0,85.1,87.04,94.31,89.79,90.23,95.4,75.71,88.22571428571429,,,,,,,
234.0,allmpnet,CLS+AVG+SUM-NS_LYR-10,CLS+AVG+SUM-NS,LYR-10,1.0,torch.Size([2304]),12,0,85.16,88.85,95.17,89.78,90.39,95.8,67.71,87.55142857142857,,,,,,,
235.0,allmpnet,CLS+AVG+MAX-NS_LYR-10,CLS+AVG+MAX-NS,LYR-10,1.0,torch.Size([2304]),12,0,85.35,84.5,93.53,89.2,90.55,94.2,75.77,87.58571428571429,,,,,,,
236.0,allmpnet,CLS+SUM+AVG-NS_LYR-10,CLS+SUM+AVG-NS,LYR-10,1.0,torch.Size([2304]),12,0,85.85,89.4,95.16,89.81,90.33,95.4,68.17,87.73142857142855,,,,,,,
237.0,allmpnet,CLS+SUM+SUM-NS_LYR-10,CLS+SUM+SUM-NS,LYR-10,1.0,torch.Size([2304]),12,0,85.31,89.75,95.03,89.6,90.44,95.6,69.04,87.82428571428571,,,,,,,
238.0,allmpnet,CLS+SUM+MAX-NS_LYR-10,CLS+SUM+MAX-NS,LYR-10,1.0,torch.Size([2304]),12,0,85.75,88.98,95.13,89.82,90.66,96.0,68.7,87.86285714285715,,,,,,,
239.0,allmpnet,CLS+MAX+AVG-NS_LYR-10,CLS+MAX+AVG-NS,LYR-10,1.0,torch.Size([2304]),12,0,84.89,85.54,93.52,89.52,90.23,94.6,74.43,87.53285714285714,,,,,,,
240.0,allmpnet,CLS+MAX+SUM-NS_LYR-10,CLS+MAX+SUM-NS,LYR-10,1.0,torch.Size([2304]),12,0,85.49,89.16,95.01,90.01,90.55,96.0,67.94,87.73714285714287,,,,,,,
241.0,allmpnet,CLS+MAX+MAX-NS_LYR-10,CLS+MAX+MAX-NS,LYR-10,1.0,torch.Size([2304]),12,0,84.5,84.11,92.77,88.99,90.39,92.8,70.96,86.36,,,,,,,
242.0,allmpnet,CLS_LYR-11,CLS,LYR-11,1.0,torch.Size([768]),12,0,76.29,63.76,83.45,68.77,80.51,77.4,66.49,73.80999999999999,,,,,,,
243.0,allmpnet,AVG_LYR-11,AVG,LYR-11,1.0,torch.Size([768]),12,0,84.49,84.45,93.43,88.39,89.57,93.8,75.42,87.07857142857142,,,,,,,
244.0,allmpnet,SUM_LYR-11,SUM,LYR-11,1.0,torch.Size([768]),12,0,84.35,87.68,94.54,88.95,89.24,95.0,67.36,86.73142857142857,,,,,,,
245.0,allmpnet,MAX_LYR-11,MAX,LYR-11,1.0,torch.Size([768]),12,0,82.92,82.22,91.99,87.9,88.91,85.2,73.16,84.61428571428571,,,,,,,
246.0,allmpnet,AVG-NS_LYR-11,AVG-NS,LYR-11,1.0,torch.Size([768]),12,0,84.58,84.37,93.33,88.57,89.68,94.2,75.83,87.22285714285715,,,,,,,
247.0,allmpnet,SUM-NS_LYR-11,SUM-NS,LYR-11,1.0,torch.Size([768]),12,0,84.67,87.73,94.51,88.9,89.29,95.0,67.48,86.79714285714287,,,,,,,
248.0,allmpnet,MAX-NS_LYR-11,MAX-NS,LYR-11,1.0,torch.Size([768]),12,0,83.0,82.25,92.0,87.78,89.02,86.6,73.1,84.82142857142857,,,,,,,
249.0,allmpnet,CLS+AVG_LYR-11,CLS+AVG,LYR-11,1.0,torch.Size([1536]),12,0,84.81,84.24,93.54,88.29,89.73,94.0,75.42,87.14714285714287,,,,,,,
250.0,allmpnet,CLS+SUM_LYR-11,CLS+SUM,LYR-11,1.0,torch.Size([1536]),12,0,84.94,87.31,94.19,89.4,90.44,96.0,71.07,87.62142857142855,,,,,,,
251.0,allmpnet,CLS+MAX_LYR-11,CLS+MAX,LYR-11,1.0,torch.Size([1536]),12,0,83.23,82.67,92.03,88.06,89.24,90.8,73.57,85.65714285714284,,,,,,,
252.0,allmpnet,CLS+AVG-NS_LYR-11,CLS+AVG-NS,LYR-11,1.0,torch.Size([1536]),12,0,84.61,85.04,93.68,89.05,89.73,94.8,75.07,87.42571428571429,,,,,,,
253.0,allmpnet,CLS+SUM-NS_LYR-11,CLS+SUM-NS,LYR-11,1.0,torch.Size([1536]),12,0,84.92,87.31,94.27,89.15,90.44,96.0,71.36,87.63571428571427,,,,,,,
254.0,allmpnet,CLS+MAX-NS_LYR-11,CLS+MAX-NS,LYR-11,1.0,torch.Size([1536]),12,0,83.24,82.83,92.19,87.98,89.24,90.6,73.62,85.67142857142858,,,,,,,
255.0,allmpnet,CLS+AVG+AVG-NS_LYR-11,CLS+AVG+AVG-NS,LYR-11,1.0,torch.Size([2304]),12,0,85.25,85.75,94.03,89.3,89.68,94.6,74.96,87.65285714285714,,,,,,,
256.0,allmpnet,CLS+AVG+SUM-NS_LYR-11,CLS+AVG+SUM-NS,LYR-11,1.0,torch.Size([2304]),12,0,85.31,87.79,94.86,89.46,90.23,96.0,72.17,87.97428571428573,,,,,,,
257.0,allmpnet,CLS+AVG+MAX-NS_LYR-11,CLS+AVG+MAX-NS,LYR-11,1.0,torch.Size([2304]),12,0,84.8,85.22,93.94,88.89,90.23,95.8,75.36,87.74857142857142,,,,,,,
258.0,allmpnet,CLS+SUM+AVG-NS_LYR-11,CLS+SUM+AVG-NS,LYR-11,1.0,torch.Size([2304]),12,0,85.1,88.4,94.99,89.58,90.12,96.0,71.13,87.90285714285714,,,,,,,
259.0,allmpnet,CLS+SUM+SUM-NS_LYR-11,CLS+SUM+SUM-NS,LYR-11,1.0,torch.Size([2304]),12,0,84.19,87.81,94.73,89.61,90.06,96.2,71.01,87.65857142857143,,,,,,,
260.0,allmpnet,CLS+SUM+MAX-NS_LYR-11,CLS+SUM+MAX-NS,LYR-11,1.0,torch.Size([2304]),12,0,84.99,88.4,94.99,89.36,90.61,96.6,72.06,88.14428571428572,,,,,,,
261.0,allmpnet,CLS+MAX+AVG-NS_LYR-11,CLS+MAX+AVG-NS,LYR-11,1.0,torch.Size([2304]),12,0,85.19,85.67,93.96,89.25,90.17,95.4,75.36,87.85714285714286,,,,,,,
262.0,allmpnet,CLS+MAX+SUM-NS_LYR-11,CLS+MAX+SUM-NS,LYR-11,1.0,torch.Size([2304]),12,0,84.96,88.11,94.78,89.22,90.33,96.2,72.41,88.00142857142858,,,,,,,
263.0,allmpnet,CLS+MAX+MAX-NS_LYR-11,CLS+MAX+MAX-NS,LYR-11,1.0,torch.Size([2304]),12,0,83.74,83.71,92.17,88.04,89.07,93.4,70.96,85.87,,,,,,,
264.0,allmpnet,CLS_LYR-12,CLS,LYR-12,1.0,torch.Size([768]),12,0,83.05,82.6,91.24,87.42,87.26,84.0,72.58,84.02142857142857,,,,,,,
265.0,allmpnet,AVG_LYR-12,AVG,LYR-12,1.0,torch.Size([768]),12,0,84.34,82.15,92.49,88.08,88.63,90.0,72.93,85.51714285714287,,,,,,,
266.0,allmpnet,SUM_LYR-12,SUM,LYR-12,1.0,torch.Size([768]),12,0,84.06,86.36,93.7,88.41,88.36,94.4,70.2,86.49857142857142,,,,,,,
267.0,allmpnet,MAX_LYR-12,MAX,LYR-12,1.0,torch.Size([768]),12,0,83.79,80.1,91.39,87.64,89.24,84.6,74.14,84.41428571428571,,,,,,,
268.0,allmpnet,AVG-NS_LYR-12,AVG-NS,LYR-12,1.0,torch.Size([768]),12,0,84.14,81.99,92.58,87.8,89.02,90.2,72.87,85.51428571428572,,,,,,,
269.0,allmpnet,SUM-NS_LYR-12,SUM-NS,LYR-12,1.0,torch.Size([768]),12,0,84.06,85.59,93.94,88.3,88.36,94.6,70.14,86.42714285714285,,,,,,,
270.0,allmpnet,MAX-NS_LYR-12,MAX-NS,LYR-12,1.0,torch.Size([768]),12,0,83.83,80.16,91.42,87.87,89.07,85.8,74.09,84.60571428571428,,,,,,,
271.0,allmpnet,CLS+AVG_LYR-12,CLS+AVG,LYR-12,1.0,torch.Size([1536]),12,0,84.2,84.69,93.02,88.57,88.47,89.2,75.42,86.2242857142857,,,,,,,
272.0,allmpnet,CLS+SUM_LYR-12,CLS+SUM,LYR-12,1.0,torch.Size([1536]),12,0,84.48,87.1,93.85,88.83,89.29,94.4,71.07,87.00285714285714,,,,,,,
273.0,allmpnet,CLS+MAX_LYR-12,CLS+MAX,LYR-12,1.0,torch.Size([1536]),12,0,83.63,83.63,92.79,88.7,87.97,90.2,74.14,85.86571428571429,,,,,,,
274.0,allmpnet,CLS+AVG-NS_LYR-12,CLS+AVG-NS,LYR-12,1.0,torch.Size([1536]),12,0,84.23,84.72,92.94,88.61,88.52,91.6,75.25,86.55285714285715,,,,,,,
275.0,allmpnet,CLS+SUM-NS_LYR-12,CLS+SUM-NS,LYR-12,1.0,torch.Size([1536]),12,0,84.5,86.89,93.81,88.45,88.3,94.8,71.25,86.85714285714286,,,,,,,
276.0,allmpnet,CLS+MAX-NS_LYR-12,CLS+MAX-NS,LYR-12,1.0,torch.Size([1536]),12,0,83.63,83.68,92.86,88.65,87.97,89.0,74.03,85.68857142857144,,,,,,,
277.0,allmpnet,CLS+AVG+AVG-NS_LYR-12,CLS+AVG+AVG-NS,LYR-12,1.0,torch.Size([2304]),12,0,84.85,85.72,93.41,88.61,88.52,92.4,75.3,86.97285714285714,,,,,,,
278.0,allmpnet,CLS+AVG+SUM-NS_LYR-12,CLS+AVG+SUM-NS,LYR-12,1.0,torch.Size([2304]),12,0,84.35,86.65,93.96,88.71,88.41,94.4,71.07,86.79285714285713,,,,,,,
279.0,allmpnet,CLS+AVG+MAX-NS_LYR-12,CLS+AVG+MAX-NS,LYR-12,1.0,torch.Size([2304]),12,0,84.23,84.74,93.28,88.97,89.4,92.4,74.49,86.78714285714285,,,,,,,
280.0,allmpnet,CLS+SUM+AVG-NS_LYR-12,CLS+SUM+AVG-NS,LYR-12,1.0,torch.Size([2304]),12,0,84.64,86.97,93.85,88.81,88.52,94.2,69.62,86.65857142857143,,,,,,,
281.0,allmpnet,CLS+SUM+SUM-NS_LYR-12,CLS+SUM+SUM-NS,LYR-12,1.0,torch.Size([2304]),12,0,84.26,87.1,94.05,89.02,89.13,94.4,70.2,86.88000000000001,,,,,,,
282.0,allmpnet,CLS+SUM+MAX-NS_LYR-12,CLS+SUM+MAX-NS,LYR-12,1.0,torch.Size([2304]),12,0,84.45,87.21,93.99,88.74,89.79,93.8,69.28,86.75142857142858,,,,,,,
283.0,allmpnet,CLS+MAX+AVG-NS_LYR-12,CLS+MAX+AVG-NS,LYR-12,1.0,torch.Size([2304]),12,0,84.66,85.09,93.38,88.98,88.91,91.6,74.2,86.68857142857144,,,,,,,
284.0,allmpnet,CLS+MAX+SUM-NS_LYR-12,CLS+MAX+SUM-NS,LYR-12,1.0,torch.Size([2304]),12,0,84.32,86.12,94.02,89.06,88.08,94.8,71.3,86.8142857142857,,,,,,,
285.0,allmpnet,CLS+MAX+MAX-NS_LYR-12,CLS+MAX+MAX-NS,LYR-12,1.0,torch.Size([2304]),12,0,84.37,85.14,93.06,88.83,88.8,92.0,73.74,86.56285714285715,,,,,,,
286.0,allmpnet,CLS_SUML4L,CLS,SUML4L,1.0,torch.Size([768]),12,0,82.88,82.75,90.7,87.7,87.64,84.6,73.45,84.24571428571429,,,,,,,
287.0,allmpnet,AVG_SUML4L,AVG,SUML4L,1.0,torch.Size([768]),12,0,86.02,89.06,94.63,89.89,91.21,95.4,76.29,88.92857142857142,,,,,,,
288.0,allmpnet,SUM_SUML4L,SUM,SUML4L,1.0,torch.Size([768]),12,0,82.85,88.56,93.83,89.33,89.62,95.0,69.04,86.89,,,,,,,
289.0,allmpnet,MAX_SUML4L,MAX,SUML4L,1.0,torch.Size([768]),12,0,83.71,85.51,92.55,88.47,90.06,93.2,71.25,86.39285714285714,,,,,,,
290.0,allmpnet,AVG-NS_SUML4L,AVG-NS,SUML4L,1.0,torch.Size([768]),12,0,86.05,89.19,94.41,90.06,90.94,95.8,76.7,89.02142857142857,,,,,,,
291.0,allmpnet,SUM-NS_SUML4L,SUM-NS,SUML4L,1.0,torch.Size([768]),12,0,82.39,88.42,93.83,89.17,89.51,95.2,70.03,86.93571428571428,,,,,,,
292.0,allmpnet,MAX-NS_SUML4L,MAX-NS,SUML4L,1.0,torch.Size([768]),12,0,83.68,85.48,92.46,88.7,90.12,93.6,71.3,86.47714285714285,,,,,,,
293.0,allmpnet,CLS+AVG_SUML4L,CLS+AVG,SUML4L,1.0,torch.Size([1536]),12,0,85.94,88.58,94.71,90.0,91.1,96.4,76.35,89.01142857142857,,,,,,,
294.0,allmpnet,CLS+SUM_SUML4L,CLS+SUM,SUML4L,1.0,torch.Size([1536]),12,0,83.98,88.42,94.29,89.92,89.95,95.0,69.86,87.34571428571428,,,,,,,
295.0,allmpnet,CLS+MAX_SUML4L,CLS+MAX,SUML4L,1.0,torch.Size([1536]),12,0,84.66,85.96,93.64,89.77,90.83,95.6,74.26,87.81714285714284,,,,,,,
296.0,allmpnet,CLS+AVG-NS_SUML4L,CLS+AVG-NS,SUML4L,1.0,torch.Size([1536]),12,0,85.79,88.63,94.61,90.13,90.61,96.2,76.23,88.88571428571429,,,,,,,
297.0,allmpnet,CLS+SUM-NS_SUML4L,CLS+SUM-NS,SUML4L,1.0,torch.Size([1536]),12,0,84.2,88.79,94.32,89.81,90.06,95.0,69.45,87.3757142857143,,,,,,,
298.0,allmpnet,CLS+MAX-NS_SUML4L,CLS+MAX-NS,SUML4L,1.0,torch.Size([1536]),12,0,84.73,86.52,93.64,89.58,90.83,95.6,74.26,87.88,,,,,,,
299.0,allmpnet,CLS+AVG+AVG-NS_SUML4L,CLS+AVG+AVG-NS,SUML4L,1.0,torch.Size([2304]),12,0,86.26,89.14,95.1,90.44,90.77,95.8,76.23,89.10571428571428,,,,,,,
300.0,allmpnet,CLS+AVG+SUM-NS_SUML4L,CLS+AVG+SUM-NS,SUML4L,1.0,torch.Size([2304]),12,0,84.49,88.71,94.71,90.0,90.23,95.0,71.77,87.8442857142857,,,,,,,
301.0,allmpnet,CLS+AVG+MAX-NS_SUML4L,CLS+AVG+MAX-NS,SUML4L,1.0,torch.Size([2304]),12,0,85.22,88.34,94.83,89.77,90.94,95.6,73.28,88.28285714285713,,,,,,,
302.0,allmpnet,CLS+SUM+AVG-NS_SUML4L,CLS+SUM+AVG-NS,SUML4L,1.0,torch.Size([2304]),12,0,84.16,88.93,94.67,90.18,90.39,93.4,70.78,87.50142857142858,,,,,,,
303.0,allmpnet,CLS+SUM+SUM-NS_SUML4L,CLS+SUM+SUM-NS,SUML4L,1.0,torch.Size([2304]),12,0,83.27,86.91,94.45,89.96,90.23,94.4,68.64,86.83714285714287,,,,,,,
304.0,allmpnet,CLS+SUM+MAX-NS_SUML4L,CLS+SUM+MAX-NS,SUML4L,1.0,torch.Size([2304]),12,0,83.75,89.35,94.77,89.96,90.33,95.2,69.68,87.57714285714285,,,,,,,
305.0,allmpnet,CLS+MAX+AVG-NS_SUML4L,CLS+MAX+AVG-NS,SUML4L,1.0,torch.Size([2304]),12,0,85.86,89.41,94.29,90.26,90.44,95.4,74.2,88.55142857142857,,,,,,,
306.0,allmpnet,CLS+MAX+SUM-NS_SUML4L,CLS+MAX+SUM-NS,SUML4L,1.0,torch.Size([2304]),12,0,83.7,88.74,94.76,89.59,90.55,94.8,71.94,87.72571428571428,,,,,,,
307.0,allmpnet,CLS+MAX+MAX-NS_SUML4L,CLS+MAX+MAX-NS,SUML4L,1.0,torch.Size([2304]),12,0,84.44,85.25,93.14,89.63,89.51,96.2,70.09,86.89428571428572,,,,,,,
308.0,allmpnet,CLS_AVGL4L,CLS,AVGL4L,1.0,torch.Size([768]),12,0,82.05,66.22,90.02,79.9,86.93,81.2,66.49,78.97285714285714,,,,,,,
309.0,allmpnet,AVG_AVGL4L,AVG,AVGL4L,1.0,torch.Size([768]),12,0,84.89,85.77,93.7,88.33,90.61,93.8,74.61,87.38714285714286,,,,,,,
310.0,allmpnet,SUM_AVGL4L,SUM,AVGL4L,1.0,torch.Size([768]),12,0,85.22,90.22,94.58,89.62,90.01,95.6,71.36,88.08714285714287,,,,,,,
311.0,allmpnet,MAX_AVGL4L,MAX,AVGL4L,1.0,torch.Size([768]),12,0,84.09,83.6,92.66,88.2,90.12,88.4,72.0,85.58142857142857,,,,,,,
312.0,allmpnet,AVG-NS_AVGL4L,AVG-NS,AVGL4L,1.0,torch.Size([768]),12,0,84.79,86.38,93.69,89.05,90.55,92.4,73.57,87.20428571428572,,,,,,,
313.0,allmpnet,SUM-NS_AVGL4L,SUM-NS,AVGL4L,1.0,torch.Size([768]),12,0,85.27,90.17,94.56,89.42,90.88,96.2,70.61,88.15857142857143,,,,,,,
314.0,allmpnet,MAX-NS_AVGL4L,MAX-NS,AVGL4L,1.0,torch.Size([768]),12,0,84.07,83.63,92.76,88.14,90.33,88.0,72.29,85.60285714285713,,,,,,,
315.0,allmpnet,CLS+AVG_AVGL4L,CLS+AVG,AVGL4L,1.0,torch.Size([1536]),12,0,85.28,86.09,93.99,89.27,90.23,93.4,74.67,87.56142857142856,,,,,,,
316.0,allmpnet,CLS+SUM_AVGL4L,CLS+SUM,AVGL4L,1.0,torch.Size([1536]),12,0,85.58,89.88,95.01,89.6,90.83,96.0,70.61,88.21571428571427,,,,,,,
317.0,allmpnet,CLS+MAX_AVGL4L,CLS+MAX,AVGL4L,1.0,torch.Size([1536]),12,0,84.44,85.16,92.32,88.54,90.06,89.6,71.83,85.99285714285715,,,,,,,
318.0,allmpnet,CLS+AVG-NS_AVGL4L,CLS+AVG-NS,AVGL4L,1.0,torch.Size([1536]),12,0,85.2,85.83,94.12,89.37,90.33,93.6,74.84,87.61285714285714,,,,,,,
319.0,allmpnet,CLS+SUM-NS_AVGL4L,CLS+SUM-NS,AVGL4L,1.0,torch.Size([1536]),12,0,85.61,89.83,94.88,89.39,91.05,96.0,70.43,88.17,,,,,,,
320.0,allmpnet,CLS+MAX-NS_AVGL4L,CLS+MAX-NS,AVGL4L,1.0,torch.Size([1536]),12,0,84.47,85.35,92.31,88.61,90.06,89.6,71.88,86.03999999999999,,,,,,,
321.0,allmpnet,CLS+AVG+AVG-NS_AVGL4L,CLS+AVG+AVG-NS,AVGL4L,1.0,torch.Size([2304]),12,0,85.42,87.81,94.46,89.64,90.66,95.8,75.94,88.53285714285714,,,,,,,
322.0,allmpnet,CLS+AVG+SUM-NS_AVGL4L,CLS+AVG+SUM-NS,AVGL4L,1.0,torch.Size([2304]),12,0,85.51,89.93,95.14,90.06,91.27,95.6,73.28,88.6842857142857,,,,,,,
323.0,allmpnet,CLS+AVG+MAX-NS_AVGL4L,CLS+AVG+MAX-NS,AVGL4L,1.0,torch.Size([2304]),12,0,85.27,86.78,93.75,89.71,90.44,95.2,75.83,88.14,,,,,,,
324.0,allmpnet,CLS+SUM+AVG-NS_AVGL4L,CLS+SUM+AVG-NS,AVGL4L,1.0,torch.Size([2304]),12,0,85.75,89.91,95.15,89.98,90.28,96.2,71.19,88.35142857142857,,,,,,,
325.0,allmpnet,CLS+SUM+SUM-NS_AVGL4L,CLS+SUM+SUM-NS,AVGL4L,1.0,torch.Size([2304]),12,0,85.49,88.69,94.95,89.92,90.66,95.4,69.97,87.86857142857143,,,,,,,
326.0,allmpnet,CLS+SUM+MAX-NS_AVGL4L,CLS+SUM+MAX-NS,AVGL4L,1.0,torch.Size([2304]),12,0,85.69,90.06,94.87,89.85,91.54,96.2,72.29,88.64285714285714,,,,,,,
327.0,allmpnet,CLS+MAX+AVG-NS_AVGL4L,CLS+MAX+AVG-NS,AVGL4L,1.0,torch.Size([2304]),12,0,85.31,86.97,93.91,89.74,90.39,95.6,75.83,88.25,,,,,,,
328.0,allmpnet,CLS+MAX+SUM-NS_AVGL4L,CLS+MAX+SUM-NS,AVGL4L,1.0,torch.Size([2304]),12,0,85.53,90.15,95.17,90.08,91.49,95.0,72.99,88.63000000000001,,,,,,,
329.0,allmpnet,CLS+MAX+MAX-NS_AVGL4L,CLS+MAX+MAX-NS,AVGL4L,1.0,torch.Size([2304]),12,0,84.43,84.58,93.08,89.0,90.61,90.2,74.55,86.63571428571427,,,,,,,
330.0,allmpnet,CLS_SUMALL,CLS,SUMALL,1.0,torch.Size([768]),12,0,84.09,87.42,94.68,87.03,90.39,85.6,68.81,85.43142857142857,,,,,,,
331.0,allmpnet,AVG_SUMALL,AVG,SUMALL,1.0,torch.Size([768]),12,0,85.85,90.12,95.35,90.39,91.21,95.2,75.25,89.05285714285715,,,,,,,
332.0,allmpnet,SUM_SUMALL,SUM,SUMALL,1.0,torch.Size([768]),12,0,82.22,88.11,94.11,89.53,90.28,94.6,69.8,86.95,,,,,,,
333.0,allmpnet,MAX_SUMALL,MAX,SUMALL,1.0,torch.Size([768]),12,0,82.01,73.46,92.48,89.83,89.24,91.8,65.91,83.53285714285713,,,,,,,
334.0,allmpnet,AVG-NS_SUMALL,AVG-NS,SUMALL,1.0,torch.Size([768]),12,0,85.91,90.54,95.25,90.45,91.21,95.4,74.55,89.0442857142857,,,,,,,
335.0,allmpnet,SUM-NS_SUMALL,SUM-NS,SUMALL,1.0,torch.Size([768]),12,0,82.05,87.87,94.07,89.45,90.01,93.6,67.59,86.37714285714286,,,,,,,
336.0,allmpnet,MAX-NS_SUMALL,MAX-NS,SUMALL,1.0,torch.Size([768]),12,0,82.08,73.09,92.58,89.66,89.29,89.6,65.91,83.17285714285713,,,,,,,
337.0,allmpnet,CLS+AVG_SUMALL,CLS+AVG,SUMALL,1.0,torch.Size([1536]),12,0,86.64,90.31,95.68,90.86,91.43,96.0,66.49,88.20142857142858,,,,,,,
338.0,allmpnet,CLS+SUM_SUMALL,CLS+SUM,SUMALL,1.0,torch.Size([1536]),12,0,82.6,88.69,94.5,89.71,90.23,92.6,70.84,87.02428571428571,,,,,,,
339.0,allmpnet,CLS+MAX_SUMALL,CLS+MAX,SUMALL,1.0,torch.Size([1536]),12,0,84.07,87.34,94.98,89.93,91.32,93.6,57.1,85.47714285714287,,,,,,,
340.0,allmpnet,CLS+AVG-NS_SUMALL,CLS+AVG-NS,SUMALL,1.0,torch.Size([1536]),12,0,86.53,90.36,95.6,91.04,91.49,96.0,66.49,88.21571428571428,,,,,,,
341.0,allmpnet,CLS+SUM-NS_SUMALL,CLS+SUM-NS,SUMALL,1.0,torch.Size([1536]),12,0,83.24,88.5,94.57,90.24,90.55,92.8,67.94,86.8342857142857,,,,,,,
342.0,allmpnet,CLS+MAX-NS_SUMALL,CLS+MAX-NS,SUMALL,1.0,torch.Size([1536]),12,0,84.09,87.39,94.99,90.03,91.32,93.8,57.22,85.54857142857144,,,,,,,
343.0,allmpnet,CLS+AVG+AVG-NS_SUMALL,CLS+AVG+AVG-NS,SUMALL,1.0,torch.Size([2304]),12,0,86.65,90.68,95.92,90.98,91.98,95.8,73.1,89.30142857142857,,,,,,,
344.0,allmpnet,CLS+AVG+SUM-NS_SUMALL,CLS+AVG+SUM-NS,SUMALL,1.0,torch.Size([2304]),12,0,84.11,89.38,95.0,90.73,90.44,93.0,67.19,87.1214285714286,,,,,,,
345.0,allmpnet,CLS+AVG+MAX-NS_SUMALL,CLS+AVG+MAX-NS,SUMALL,1.0,torch.Size([2304]),12,0,85.56,89.99,95.56,90.53,91.76,95.4,72.41,88.74428571428571,,,,,,,
346.0,allmpnet,CLS+SUM+AVG-NS_SUMALL,CLS+SUM+AVG-NS,SUMALL,1.0,torch.Size([2304]),12,0,82.99,89.11,94.78,89.85,90.23,93.6,67.77,86.90428571428572,,,,,,,
347.0,allmpnet,CLS+SUM+SUM-NS_SUMALL,CLS+SUM+SUM-NS,SUMALL,1.0,torch.Size([2304]),12,0,83.41,90.07,94.78,89.57,89.24,92.2,67.3,86.65285714285713,,,,,,,
348.0,allmpnet,CLS+SUM+MAX-NS_SUMALL,CLS+SUM+MAX-NS,SUMALL,1.0,torch.Size([2304]),12,0,82.92,89.24,94.68,89.57,90.77,94.0,66.9,86.86857142857143,,,,,,,
349.0,allmpnet,CLS+MAX+AVG-NS_SUMALL,CLS+MAX+AVG-NS,SUMALL,1.0,torch.Size([2304]),12,0,85.45,89.25,95.36,90.85,91.93,95.2,68.93,88.13857142857144,,,,,,,
350.0,allmpnet,CLS+MAX+SUM-NS_SUMALL,CLS+MAX+SUM-NS,SUMALL,1.0,torch.Size([2304]),12,0,83.59,89.19,94.72,90.42,90.17,93.2,67.48,86.96714285714287,,,,,,,
351.0,allmpnet,CLS+MAX+MAX-NS_SUMALL,CLS+MAX+MAX-NS,SUMALL,1.0,torch.Size([2304]),12,0,83.54,87.68,94.81,89.99,91.16,93.4,64.35,86.41857142857144,,,,,,,
352.0,allmpnet,CLS_AVGALL,CLS,AVGALL,1.0,torch.Size([768]),12,0,80.92,63.66,91.42,68.77,89.4,54.4,66.49,73.58,,,,,,,
353.0,allmpnet,AVG_AVGALL,AVG,AVGALL,1.0,torch.Size([768]),12,0,83.94,86.97,93.96,90.19,91.32,89.8,66.49,86.09571428571428,,,,,,,
354.0,allmpnet,SUM_AVGALL,SUM,AVGALL,1.0,torch.Size([768]),12,0,85.61,90.2,95.31,90.79,90.88,95.6,68.99,88.19714285714285,,,,,,,
355.0,allmpnet,MAX_AVGALL,MAX,AVGALL,1.0,torch.Size([768]),12,0,82.29,78.57,92.56,89.37,89.35,81.0,70.38,83.36,,,,,,,
356.0,allmpnet,AVG-NS_AVGALL,AVG-NS,AVGALL,1.0,torch.Size([768]),12,0,83.73,86.3,93.46,90.06,90.5,91.8,66.49,86.04857142857144,,,,,,,
357.0,allmpnet,SUM-NS_AVGALL,SUM-NS,AVGALL,1.0,torch.Size([768]),12,0,85.59,90.15,95.42,90.61,90.72,95.8,70.49,88.39714285714285,,,,,,,
358.0,allmpnet,MAX-NS_AVGALL,MAX-NS,AVGALL,1.0,torch.Size([768]),12,0,82.52,79.18,92.61,89.34,89.4,81.0,70.32,83.48142857142855,,,,,,,
359.0,allmpnet,CLS+AVG_AVGALL,CLS+AVG,AVGALL,1.0,torch.Size([1536]),12,0,85.07,87.74,94.94,90.14,91.43,89.0,66.49,86.40142857142857,,,,,,,
360.0,allmpnet,CLS+SUM_AVGALL,CLS+SUM,AVGALL,1.0,torch.Size([1536]),12,0,86.35,90.86,95.73,90.28,91.05,95.6,71.65,88.78857142857143,,,,,,,
361.0,allmpnet,CLS+MAX_AVGALL,CLS+MAX,AVGALL,1.0,torch.Size([1536]),12,0,83.49,84.53,94.38,89.42,90.66,87.8,72.12,86.05714285714285,,,,,,,
362.0,allmpnet,CLS+AVG-NS_AVGALL,CLS+AVG-NS,AVGALL,1.0,torch.Size([1536]),12,0,85.35,88.34,94.94,90.24,91.76,92.6,66.49,87.10285714285715,,,,,,,
363.0,allmpnet,CLS+SUM-NS_AVGALL,CLS+SUM-NS,AVGALL,1.0,torch.Size([1536]),12,0,86.33,90.38,95.75,90.42,90.88,95.4,71.88,88.72,,,,,,,
364.0,allmpnet,CLS+MAX-NS_AVGALL,CLS+MAX-NS,AVGALL,1.0,torch.Size([1536]),12,0,83.57,85.03,94.3,89.52,91.1,87.6,71.07,86.02714285714286,,,,,,,
365.0,allmpnet,CLS+AVG+AVG-NS_AVGALL,CLS+AVG+AVG-NS,AVGALL,1.0,torch.Size([2304]),12,0,85.53,89.03,95.25,90.37,91.76,93.2,74.9,88.57714285714285,,,,,,,
366.0,allmpnet,CLS+AVG+SUM-NS_AVGALL,CLS+AVG+SUM-NS,AVGALL,1.0,torch.Size([2304]),12,0,86.54,90.17,95.8,90.93,91.05,95.2,71.88,88.7957142857143,,,,,,,
367.0,allmpnet,CLS+AVG+MAX-NS_AVGALL,CLS+AVG+MAX-NS,AVGALL,1.0,torch.Size([2304]),12,0,85.57,89.67,94.87,89.94,91.54,92.4,75.3,88.47,,,,,,,
368.0,allmpnet,CLS+SUM+AVG-NS_AVGALL,CLS+SUM+AVG-NS,AVGALL,1.0,torch.Size([2304]),12,0,86.51,90.49,95.96,90.68,91.05,95.8,72.23,88.96000000000001,,,,,,,
369.0,allmpnet,CLS+SUM+SUM-NS_AVGALL,CLS+SUM+SUM-NS,AVGALL,1.0,torch.Size([2304]),12,0,86.23,90.04,95.87,90.7,90.77,96.0,69.8,88.48714285714284,,,,,,,
370.0,allmpnet,CLS+SUM+MAX-NS_AVGALL,CLS+SUM+MAX-NS,AVGALL,1.0,torch.Size([2304]),12,0,86.51,90.76,95.58,90.66,91.54,95.6,72.0,88.95,,,,,,,
371.0,allmpnet,CLS+MAX+AVG-NS_AVGALL,CLS+MAX+AVG-NS,AVGALL,1.0,torch.Size([2304]),12,0,85.17,89.88,94.94,90.52,91.49,87.8,72.0,87.39999999999999,,,,,,,
372.0,allmpnet,CLS+MAX+SUM-NS_AVGALL,CLS+MAX+SUM-NS,AVGALL,1.0,torch.Size([2304]),12,0,86.31,89.59,95.71,90.21,91.27,96.0,70.38,88.49571428571427,,,,,,,
373.0,allmpnet,CLS+MAX+MAX-NS_AVGALL,CLS+MAX+MAX-NS,AVGALL,1.0,torch.Size([2304]),12,0,84.02,86.73,94.13,89.99,90.77,88.4,72.29,86.61857142857141,,,,,,,
,PromptEOL (Lllama2-7B),llm,,,,,not,decoder-only,90.63,92.87,96.32,91.19,95.0,95.4,75.19,,not,0.0,0.0,90.94,Token Prepending: A Training-Free Approach for Eliciting Better Sentence Embeddings from LLMs,https://arxiv.org/pdf/2412.11556,2024.0
,PromptEOL + TP (Ours) (Lllama2-7B),llm,,,,,not,decoder-only,90.9,93.35,96.58,91.51,95.5,96.0,76.12,,not,0.0,0.0,91.42,Token Prepending: A Training-Free Approach for Eliciting Better Sentence Embeddings from LLMs,https://arxiv.org/pdf/2412.11556,2024.0
,Pretended CoT (Lllama2-7B),llm,,,,,not,decoder-only,90.1,92.24,96.32,91.54,95.11,94.2,75.77,,not,0.0,0.0,90.75,Token Prepending: A Training-Free Approach for Eliciting Better Sentence Embeddings from LLMs,https://arxiv.org/pdf/2412.11556,2024.0
,Pretended CoT + TP (Ours) (Lllama2-7B),llm,,,,,not,decoder-only,90.45,92.61,96.52,91.59,95.77,96.0,76.81,,not,0.0,0.0,91.39,Token Prepending: A Training-Free Approach for Eliciting Better Sentence Embeddings from LLMs,https://arxiv.org/pdf/2412.11556,2024.0
,Knowledge (Lllama2-7B),llm,,,,,not,decoder-only,89.84,93.03,96.21,91.54,94.78,97.2,73.91,,not,0.0,0.0,90.93,Token Prepending: A Training-Free Approach for Eliciting Better Sentence Embeddings from LLMs,https://arxiv.org/pdf/2412.11556,2024.0
,Knowledge + TP (Ours) (Lllama2-7B),llm,,,,,not,decoder-only,90.39,93.32,96.31,91.56,94.51,97.6,76.06,,not,0.0,0.0,91.39,Token Prepending: A Training-Free Approach for Eliciting Better Sentence Embeddings from LLMs,https://arxiv.org/pdf/2412.11556,2024.0
,CLTC-RoBERTa=Large,,,,,,24,,88.22,92.54,95.14,90.12,92.57,91.99,77.27,,5,0.0,0.0,89.69,Contrastive Learning with Transformer Initialization and Clustering Prior for Text Representation,https://pdf.sciencedirectassets.com/272229/1-s2.0-S1568494624X00150/1-s2.0-S1568494624009360/main.pdf?X-Amz-Security-Token=IQoJb3JpZ2luX2VjEHYaCXVzLWVhc3QtMSJGMEQCIEt6YbTt65ukKfTD3bu0kD705kuMYotz8gH0y7JjH8PJAiAEr557NOLDnxNIr7FcHO9eFgXM99FsYPWXZ07TG7bc5yqzBQhfEAUaDDA1OTAwMzU0Njg2NSIMDxZIcdb6ZQ%2FZeUVkKpAF8MiOfNC9fUorVMiLkFp5l7ZbqlXZiS%2BFLNIV8TA0Hw%2FezqUgN1LqtHhjjrOZcARLECIAVv8LKA955vX%2BMSRK564pOJSF6%2FNkQOSEpiODriMyex2RUubgBahKySP%2BOKrBkZWrIm7cRqVBArRPrjgUJNZiOrzdjyxzs6hIfF3PApo8egsTnEvwIGZdfVHvOGgFZFnovHjMGXn%2BI%2FR8rnpxDXt7yk2V7OncGyRt%2F5lY%2F02yAO%2F1%2FqT5JGT5abPaw3NzUUTIBi9IXH5G4%2FFc2XyjvZaXS%2BpuF9EBC90xtWNssoOda%2FbNDjDp8m6jfGDv%2B3bwlKDHO4WS8zBv9JOpVEI9nsb3OuUjsKs%2BzVN1kxdcx6koalu2N81BXL6YATMbJ6LldHsxxIbwPN9Tpg8Tyxl0GCSRI12KZaUlaglbMg1lbnzUmaC4OXz3vPwModQvO0RSHaYblAOeyEkJXQpwNWdvXePBmqzmn5VnvOjkQmg7iOMPMWx9IklvvLg%2FtPcFqBFxTnS83NmlLUjnrZlcWQbR9sT9hWCm343bzs4fYqychxpcipDO2%2BYnX4S22lqCnB2bafcV9G9dd0SIQp0eHiHoMsDulmh%2F2LwaI4wI1kypZX7uARysVCx%2BjTLxcpX157ZnNtK601Dh%2BxH6IEimg2HgfkzHebxHubblBJf%2FaAy78tE41BaQP0KV1TRxDwuLfCkeqsfySigjx0u1hwYwT7J1p8oPyHTWsI%2Bj9s083MLd9y7mF6hRfQcVWJus%2BPiZ3F5s82OYNCvzgYYEiEj8MZJvVGVolqYX7fm60kHzoE1v7MODTSxctuWn2uS%2Bq5zvX1T2aJPm0%2BVW5ZUy4dlZNpiIJh%2FU1AHU75wfHjCdQINPMl0w1db0uwY6sgHbneRk1rzfYHRZEcTXvk6r0WEH1D7vicj8DUliYsMz0KiXCjctd8NBTt3QKWXuRg8ezpsjNnpaTc2rdPRBOFbBGZiC9C27fPQfFX3bIQOtHg22S1OlS7xnXzl8L2zLDjGWpQ2rQLxZlKvTKOetrCJ0bAmaUQZ%2F1SOddJy82PQQGkXuGuv8BGcX8haCOdN%2F7KFhvLq259B4IMDFV%2FFtDdTZ%2FDQx1HDeckxR2b1zo8Ua9oYc&X-Amz-Algorithm=AWS4-HMAC-SHA256&X-Amz-Date=20250107T144844Z&X-Amz-SignedHeaders=host&X-Amz-Expires=300&X-Amz-Credential=ASIAQ3PHCVTY4XBHDU5E%2F20250107%2Fus-east-1%2Fs3%2Faws4_request&X-Amz-Signature=edbb9cc3d813369400ff81cf591617d36a2787afdd3f1d062323cb75e99a6b6c&hash=a2bd9cf96d3f2baca4513b6ba642468ef90722c23b27e7d838f6c66226b25901&host=68042c943591013ac2b2430a89b270f6af2c76d8dfd086a07176afe7c76c2c61&pii=S1568494624009360&tid=spdf-e9c0dabd-56d1-4ed8-8469-ed407edb6140&sid=ccaa471015b9c34b2c9a85b4f70dd3a96a3agxrqa&type=client&tsoh=d3d3LnNjaWVuY2VkaXJlY3QuY29t&ua=04125e0203560c555202&rr=8fe4c01a9abe6d42&cc=br,
,CLTC-RoBERTa=Large,,,,,,24,,81.83,88.92,93.52,89.88,88.94,92.36,76.47,,1,0.0,0.0,87.42,Contrastive Learning with Transformer Initialization and Clustering Prior for Text Representation,https://pdf.sciencedirectassets.com/272229/1-s2.0-S1568494624X00150/1-s2.0-S1568494624009360/main.pdf?X-Amz-Security-Token=IQoJb3JpZ2luX2VjEHYaCXVzLWVhc3QtMSJGMEQCIEt6YbTt65ukKfTD3bu0kD705kuMYotz8gH0y7JjH8PJAiAEr557NOLDnxNIr7FcHO9eFgXM99FsYPWXZ07TG7bc5yqzBQhfEAUaDDA1OTAwMzU0Njg2NSIMDxZIcdb6ZQ%2FZeUVkKpAF8MiOfNC9fUorVMiLkFp5l7ZbqlXZiS%2BFLNIV8TA0Hw%2FezqUgN1LqtHhjjrOZcARLECIAVv8LKA955vX%2BMSRK564pOJSF6%2FNkQOSEpiODriMyex2RUubgBahKySP%2BOKrBkZWrIm7cRqVBArRPrjgUJNZiOrzdjyxzs6hIfF3PApo8egsTnEvwIGZdfVHvOGgFZFnovHjMGXn%2BI%2FR8rnpxDXt7yk2V7OncGyRt%2F5lY%2F02yAO%2F1%2FqT5JGT5abPaw3NzUUTIBi9IXH5G4%2FFc2XyjvZaXS%2BpuF9EBC90xtWNssoOda%2FbNDjDp8m6jfGDv%2B3bwlKDHO4WS8zBv9JOpVEI9nsb3OuUjsKs%2BzVN1kxdcx6koalu2N81BXL6YATMbJ6LldHsxxIbwPN9Tpg8Tyxl0GCSRI12KZaUlaglbMg1lbnzUmaC4OXz3vPwModQvO0RSHaYblAOeyEkJXQpwNWdvXePBmqzmn5VnvOjkQmg7iOMPMWx9IklvvLg%2FtPcFqBFxTnS83NmlLUjnrZlcWQbR9sT9hWCm343bzs4fYqychxpcipDO2%2BYnX4S22lqCnB2bafcV9G9dd0SIQp0eHiHoMsDulmh%2F2LwaI4wI1kypZX7uARysVCx%2BjTLxcpX157ZnNtK601Dh%2BxH6IEimg2HgfkzHebxHubblBJf%2FaAy78tE41BaQP0KV1TRxDwuLfCkeqsfySigjx0u1hwYwT7J1p8oPyHTWsI%2Bj9s083MLd9y7mF6hRfQcVWJus%2BPiZ3F5s82OYNCvzgYYEiEj8MZJvVGVolqYX7fm60kHzoE1v7MODTSxctuWn2uS%2Bq5zvX1T2aJPm0%2BVW5ZUy4dlZNpiIJh%2FU1AHU75wfHjCdQINPMl0w1db0uwY6sgHbneRk1rzfYHRZEcTXvk6r0WEH1D7vicj8DUliYsMz0KiXCjctd8NBTt3QKWXuRg8ezpsjNnpaTc2rdPRBOFbBGZiC9C27fPQfFX3bIQOtHg22S1OlS7xnXzl8L2zLDjGWpQ2rQLxZlKvTKOetrCJ0bAmaUQZ%2F1SOddJy82PQQGkXuGuv8BGcX8haCOdN%2F7KFhvLq259B4IMDFV%2FFtDdTZ%2FDQx1HDeckxR2b1zo8Ua9oYc&X-Amz-Algorithm=AWS4-HMAC-SHA256&X-Amz-Date=20250107T144844Z&X-Amz-SignedHeaders=host&X-Amz-Expires=300&X-Amz-Credential=ASIAQ3PHCVTY4XBHDU5E%2F20250107%2Fus-east-1%2Fs3%2Faws4_request&X-Amz-Signature=edbb9cc3d813369400ff81cf591617d36a2787afdd3f1d062323cb75e99a6b6c&hash=a2bd9cf96d3f2baca4513b6ba642468ef90722c23b27e7d838f6c66226b25901&host=68042c943591013ac2b2430a89b270f6af2c76d8dfd086a07176afe7c76c2c61&pii=S1568494624009360&tid=spdf-e9c0dabd-56d1-4ed8-8469-ed407edb6140&sid=ccaa471015b9c34b2c9a85b4f70dd3a96a3agxrqa&type=client&tsoh=d3d3LnNjaWVuY2VkaXJlY3QuY29t&ua=04125e0203560c555202&rr=8fe4c01a9abe6d42&cc=br,
,HNCSE-PM (bert-large),cls,,,,,24,encoder-only,84.91,89.32,95.0,90.02,89.68,86.85,75.49,,1,0.0,0.0,87.32,HNCSE: Advancing Sentence Embeddings via Hybrid Contrastive Learning with Hard Negatives,https://arxiv.org/pdf/2411.12156,2024.0
,HNCSE-HNM (bert-large),cls,,,,,24,encoder-only,85.89,90.57,96.06,89.91,89.91,85.91,76.47,,1,0.0,0.0,87.82,HNCSE: Advancing Sentence Embeddings via Hybrid Contrastive Learning with Hard Negatives,https://arxiv.org/pdf/2411.12156,2024.0
,WordFS-P-woP-150D,mean,,,,,1,w2v,73.09,74.86,89.86,86.24,76.22,65.4,71.01,,1,0.0,0.0,76.67,Efficient Feature Selection for Word Embedding Dimension Reduction,http://www.apsipa2024.org/files/papers/82.pdf,2024.0
,WordFS-P-wP-150D,mean,,,,,1,w2v,74.03,76.0,89.2,86.24,76.5,65.2,70.38,,1,0.0,0.0,76.69,Efficient Feature Selection for Word Embedding Dimension Reduction,http://www.apsipa2024.org/files/papers/82.pdf,2024.0
,WordFS-P-woP-100D,mean,,,,,1,w2v,72.24,73.96,88.62,85.26,73.97,62.0,71.42,,1,0.0,0.0,75.35,Efficient Feature Selection for Word Embedding Dimension Reduction,http://www.apsipa2024.org/files/papers/82.pdf,2024.0
,WordFS-P-wP-100D,mean,,,,,1,w2v,72.68,75.42,88.25,85.5,76.94,64.4,71.59,,1,0.0,0.0,76.4,Efficient Feature Selection for Word Embedding Dimension Reduction,http://www.apsipa2024.org/files/papers/82.pdf,2024.0
,WordFS-P-woP-50D,mean,,,,,1,w2v,68.54,70.54,85.51,81.35,69.85,56.2,71.65,,1,0.0,0.0,71.95,Efficient Feature Selection for Word Embedding Dimension Reduction,http://www.apsipa2024.org/files/papers/82.pdf,2024.0
,WordFS-P-wP-50D,mean,,,,,1,w2v,69.96,71.05,84.25,83.29,72.1,56.6,71.3,,1,0.0,0.0,72.65,Efficient Feature Selection for Word Embedding Dimension Reduction,http://www.apsipa2024.org/files/papers/82.pdf,2024.0
